<?xml version="1.0" encoding="UTF-8" standalone="no" ?>
<el:level xmlns:xsi="http://www.w3.org/2001/XMLSchema-instance" xsi:schemaLocation="http://enigma-game.org/schema/level/1 level.xsd" xmlns:el="http://enigma-game.org/schema/level/1">
  <el:protected>
    <el:info el:type="level">
      <el:identity el:title="Twisting by the pool" el:subtitle="" el:id="alain23"/>
      <el:version el:score="1" el:release="2" el:revision="1" el:status="released"/>
      <el:author el:name="Alain Busser" el:email="" el:homepage=""/>
      <el:copyright>Copyright © 2006 Alain Busser</el:copyright>
      <el:license el:type="GPL v2.0 or above" el:open="true"/>
      <el:compatibility el:enigma="1.10"/>
      <el:modes el:easy="true" el:single="true" el:network="false"/>
      <el:score el:easy="2:00" el:difficult="2:15"/>
    </el:info>
    <el:luamain><![CDATA[
wo["ActorimpulseStrength"] = 600
wo["SlopeStrength"] = 8

ti["  "] = {"fl_lawn"}
ti["^ "] = {"fl_slope_tn"}
ti["> "] = {"fl_slope_te"}
ti["v "] = {"fl_slope_ts"}
ti["< "] = {"fl_slope_tw"}
ti[" #"] = {"st_actorimpulse"}
ti[" ="] = {"st_passage", color=WHITE, flavor="frame"}
ti[" O"] = cond(wo["IsDifficult"], {"it_meditation"}, {"it_nil"})
ti[" o"] = cond(wo["IsDifficult"], {"it_nil"}, {"it_meditation"})
ti[" *"] = {"#ac_pearl", controllers=CTRL_NONE}
ti[" @"] = {"#ac_marble_black"}

wo(res.composer(ti), "  ", {
    " # # # # # # # # # # # # # # # # # # # #",
    " #> v v v v v v v v v v v v v v v v <  #",
    " #> v v v v vOv vOv v vOv vOv v v v <  #",
    " #> > v v v vov vov v vov vov v v < <  #",
    " #> > > v=v=v=v=v=v=v=v=v=v=v=v=< < <  #",
    " #> > > >=   *   *   *   *   *<=< < <  #",
    " #> >O>o>=           @        <=<o<O<  #",
    " #> > > >= *   *   *   *   *  <=< < <  #",
    " #> > > ^=^=^=^=^=^=^=^=^=^=^=^=< < <  #",
    " #> > ^ ^ ^ ^o^ ^o^ ^ ^o^ ^o^ ^ ^ < <  #",
    " #> ^ ^ ^ ^ ^O^ ^O^ ^ ^O^ ^O^ ^ ^ ^ <  #",
    " #> ^ ^ ^ ^ ^ ^ ^ ^ ^ ^ ^ ^ ^ ^ ^ ^ <  #",
    " # # # # # # # # # # # # # # # # # # # #"})
 ]]></el:luamain>
    <el:i18n>
      <el:string el:key="title">
        <el:english el:translate="false" el:comment="title of a Dire Straits song; here 'pool' is the billiard game, not the place with water"/>
      </el:string>
    </el:i18n>
  </el:protected>
</el:level>
