<?xml version="1.0" encoding="UTF-8" standalone="no" ?>
<el:level xmlns:xsi="http://www.w3.org/2001/XMLSchema-instance" xsi:schemaLocation="http://enigma-game.org/schema/level/1 level.xsd" xmlns:el="http://enigma-game.org/schema/level/1">
  <el:protected>
    <el:info el:type="level">
      <el:identity el:title="- Meditation -" el:subtitle="The Danaides" el:id="andreas36"/>
      <el:version el:score="1" el:release="2" el:revision="2" el:status="released"/>
      <el:author el:name="Andreas Lochmann" el:email="" el:homepage=""/>
      <el:copyright>Copyright © 2006, 2009 Andreas Lochmann</el:copyright>
      <el:license el:type="GPL v2.0 or above" el:open="true"/>
      <el:compatibility el:enigma="1.10">
      </el:compatibility>
      <el:modes el:easy="false" el:single="true" el:network="false"/>
      <el:comments>
      </el:comments>
      <el:score el:easy="-" el:difficult="01:00"/>
    </el:info>
    <el:luamain><![CDATA[

wo["MeditationStrength"] = 1.5
wo["GlobalForce"] = po(0, 30)

ti[" "] = {"fl_gravel"}
ti["."] = {"fl_wood"}
ti["f"] = {"fl_hay", eternal = true, initfire = true}
ti["#"] = {"st_purplegray"}
ti["G"] = {"st_greenbrown"} .. ti["."]
ti["v"] = {"st_oneway_s"} .. ti["."]
ti[">"] = {"st_oneway_e"} .. ti["."]
ti["<"] = {"st_oneway_w"} .. ti["."]
ti["m"] = {"it_meditation"} .. ti["."]
ti["@"] = {"#ac_pearl"}

wo(ti, " ", {
       "f##################f",
       "##                ##",
       "#                  #",
       "#   GGGGG..GGGGG   #",
       "#   <..........>   #",
       "#   G.G.G..G.G.G   #",
       "#   G.G.G..G.G.G   #",
       "#   <mGm>..<mGm>   #",
       "#   G.G.G..G.G.G   #",
       "#   GvGvGvvGvGvG   #",
       "#                  #",
       "##   @ @    @ @   ##",
       "f##################f"})

 ]]></el:luamain>
    <el:i18n>
      <el:string el:key="title">
        <el:english el:translate="false"/>
      </el:string>
    </el:i18n>
  </el:protected>
</el:level>
