<?xml version="1.0" encoding="UTF-8" standalone="no" ?>
<el:level xmlns:xsi="http://www.w3.org/2001/XMLSchema-instance" xsi:schemaLocation="http://enigma-game.org/schema/level/1 level.xsd" xmlns:el="http://enigma-game.org/schema/level/1">
  <el:protected>
    <el:info el:type="level">
      <el:identity el:title="Pontoon Bridges" el:subtitle="" el:id="duffy137"/>
      <el:version el:score="1" el:release="2" el:revision="3" el:status="released"/>
      <el:author  el:name="Jacob Scott" el:email="" el:homepage=""/>
      <el:copyright>Copyright © 2007 Jacob Scott</el:copyright>
      <el:license el:type="GPL v2.0 or above" el:open="true"/>
      <el:compatibility el:enigma="1.10"/>
      <el:modes el:easy="false" el:single="true" el:network="false"/>
      <el:comments><el:code>New API converted by R. Bourquin</el:code></el:comments>
      <el:score el:easy="-" el:difficult="-"/>
    </el:info>
    <el:luamain><![CDATA[
ti[" "] = {"fl_lawn"}
ti["~"] = {"fl_water"}
ti["#"] = {"st_greenbrown"}
ti["="] = ti["~"] .. {"st_greenbrown"}
ti["B"] = {"st_dispenser"}
ti["1"] = {"st_puzzle", cluster=1}
ti["2"] = {"st_puzzle", cluster=2}
ti["3"] = {"st_puzzle", cluster=3}
ti["4"] = ti["~"] .. ti["3"]
ti["d"] = {"it_dynamite"}
ti["O"] = {"st_oxyd"}
ti["@"] = {"#ac_marble_black"}

wo(ti, " ", {
    "#######################################",
    "#      ~~~~~~~~~      B#  1     ~~~~~~#",
    "#     3~~~~~=~~~       #  1    34~~~~~#",
    "#    33 ~~~~~~~~~      # 11 22 3~~~~~~O",
    "#  3223  ~~~~=~=~~   11#     2 34~~~~~#",
    "# 13 211  ~~~~~~~~   11#~#   2  ~~~~~~#",
    "# 1332 1   ~~~~~=~     #~##############",
    "# 123 11   ~~~=~~~~  3     ~~~~~~~~~==#",
    "#  2222   ~~~~~~~~~  3 22 2~~~~~~~~~~~#",
    "#         ~~~~~~~~   3311 2~~~~~~~~~~d#",
    "#   @    ~~~=~~~~~     1222~~~~~~~~~~~#",
    "#O       ~~~~~~~~#    11   ~~~~~~~~~==#",
    "#######################################"})

wo:shuffleOxyd()
 ]]></el:luamain>
    <el:i18n>
      <el:string el:key="title">
        <el:english el:translate="false"/>
      </el:string>
    </el:i18n>
  </el:protected>
</el:level>
