<?xml version="1.0" encoding="UTF-8" standalone="no" ?>
<el:level xmlns:xsi="http://www.w3.org/2001/XMLSchema-instance" xsi:schemaLocation="http://enigma-game.org/schema/level/1 level.xsd" xmlns:el="http://enigma-game.org/schema/level/1">
  <el:protected>
    <el:info el:type="level">
      <el:identity el:title="Chess and Boxes" el:id="20061201johannes313"/>
      <el:version el:score="1" el:release="2" el:revision="2" el:status="released"/>
      <el:author el:name="Johannes Laire" el:email="johannes.laire@gmail.com"/>
      <el:copyright>Copyright © 2006 Johannes Laire</el:copyright>
      <el:license el:type="GPL v2.0 or above" el:open="true"/>
      <el:compatibility el:enigma="1.10"/>
      <el:modes el:easy="false" el:single="true" el:network="false"/>
      <el:comments><el:code>New API converted by R. Bourquin</el:code></el:comments>
      <el:score el:easy="-" el:difficult="08:16"/>
    </el:info>
    <el:luamain><![CDATA[
wo["ConserveLevel"] = false

ti["  "] = {"fl_abyss"}
ti["~~"] = {"fl_water"}
ti["--"] = {"fl_metal", friction=6.0}
ti["##"] = {"st_redbrown"}
ti["BB"] = {"st_box"}
ti["CC"] = {"st_chess"}
ti["bridge"] = {"fl_bridge", flavor="gc", state=OPEN, name="bridge%%"}
ti["trigger"] = {"it_trigger", target="bridge%%"}
ti["OO"] = {"st_oxyd", flavor="d"}
ti["@@"] = {"#ac_marble_black"}

wo(res.autotile(ti, {"t", "trigger"}, {"b", "bridge"}), "--", {
    "                                      ########################################",
    "                    ################  ##~~~~~~~~~~~~~~~~~~~~~~~~~~~~~~~~~~~~##",
    "      OOOO  OOOO    ##--ta--------##  ##~~~~~~~~~~~~~~~~~~----~~~~~~~~~~~~~~##",
    "    OO----  ----OO  ##--CC##--tb--##  ##~~~~--BB----BB------------------~~~~##",
    "    OO----------OO  ##--CC##tc##--######~~~~----~~--~~~~~~~~--~~~~BB----~~~~##",
    "        ------      ##CC####------te####~~~~~~------~~~~~~~~--~~~~--BB--~~~~##",
    "    OO----------OO  ##--td--##CCCC--------------BB--~~~~tftgBB--~~------~~~~##",
    "    OO----ba----OO  ######------########~~~~--~~~~----~~thtitj--~~~~~~~~~~~~##",
    "      OOOObbOOOO        ####@@####    ##~~--BBBB--BB--~~tktltmtn~~~~~~~~~~~~##",
    "          bc                bn        ##~~------------~~~~~~~~~~~~~~~~~~~~~~##",
    "          bdbebfbgbhbibjbkblbm        ##~~~~~~~~~~~~~~~~~~~~~~~~~~~~~~~~~~~~##",
    "                                      ##~~~~~~~~~~~~~~~~~~~~~~~~~~~~~~~~~~~~##",
    "                                      ########################################"})

wo:shuffleOxyd()
 ]]></el:luamain>
    <el:i18n>
      <el:string el:key="title">
        <el:english el:translate="false"/>
      </el:string>
    </el:i18n>
  </el:protected>
</el:level>
