<?xml version="1.0" encoding="UTF-8" standalone="no" ?>
<el:level xmlns:xsi="http://www.w3.org/2001/XMLSchema-instance" xsi:schemaLocation="http://enigma-game.org/schema/level/1 level.xsd" xmlns:el="http://enigma-game.org/schema/level/1">
  <el:protected>
    <el:info el:type="level">
      <el:identity el:title="Zeus" el:subtitle="The master of flashes" el:id="raoul19"/>
      <el:version el:score="1" el:release="1" el:revision="5" el:status="released"/>
      <el:author  el:name="Raoul Bourquin" el:email="raoul@users.berlios.de" el:homepage=""/>
      <el:copyright>Copyright © 2006, 2008 Raoul Bourquin</el:copyright>
      <el:license el:type="GPL v2.0 or above" el:open="true"/>
      <el:compatibility el:enigma="1.10"/>
      <el:modes el:easy="true" el:single="true" el:network="false"/>
      <el:score el:easy="-" el:difficult="1:59"/>
    </el:info>
    <el:luamain><![CDATA[
wo["ConserveLevel"] = true
wo["FrictionStrength"] = 0.5

ti[" "] = {"fl_rough"}
ti["~"] = {"fl_water"}
ti["A"] = {"st_bluesand", cluster=1}
ti["B"] = {"st_bluesand", cluster=2}
ti["X"] = {"st_grate", flavor="cross"}
ti["!"] = {"st_flash"}
ti["W"] = {"st_passage", color=WHITE, flavor="frame"}
ti["O"] = {"st_oxyd", flavor="d"}
ti["1"] = {"#ac_marble_black"}
ti["2"] = {"#ac_marble_white", essential=INDISPENSABLE}

if wo["IsDifficult"] then
    map = {
    "BBABBABABABABABAABAA",
    "B                  A",
    "A O ~~~~AA~AA~~~ O B",
    "B           A~~A   A",
    "BB~AA~~~~ O ~~~AA~ A",
    "B           B~~~~~ B",
    "A O ~~BBAAABBAAABAWA",
    "B         A~~A2    A",
    "BB~AA~~ O ~~~A     A",
    "B         A~~B  !  B",
    "A O ~~AA~AA~~A     A",
    "B            W    1A",
    "BBABBABABABABAAABAAA"}
else
    map = {
    "BBBBBABABABABABAAAAA",
    "B   X              A",
    "B O A~~~BBBBB~~A O A",
    "B   X   X   B~~A   A",
    "BBBBB~~~A O B~~AAA A",
    "B   X   X   B~~~~~ B",
    "B O A~BBBBBBBAAAAAWA",
    "B   X X   B~~A2    A",
    "BBBBB~A O B~~A     A",
    "B   X X   B~~A  !  A",
    "B O A~BBBBB~~A     A",
    "B   X        W    1A",
    "BBBBBABABABABAAAAAAA"}
end

wo(ti, " ", map)
wo:shuffleOxyd()
 ]]></el:luamain>
    <el:i18n>
      <el:string el:key="title">
        <el:english el:translate="false"/>
      </el:string>
    </el:i18n>
  </el:protected>
</el:level>
