<?xml version="1.0" encoding="UTF-8" standalone="no" ?>
<el:level xmlns:xsi="http://www.w3.org/2001/XMLSchema-instance" xsi:schemaLocation="http://enigma-game.org/schema/level/1 level.xsd" xmlns:el="http://enigma-game.org/schema/level/1">
  <el:protected>
    <el:info el:type="level">
      <el:identity el:title="Danger Flag" el:subtitle="" el:id="20090338ais523002"/>
      <el:version el:score="1" el:release="1" el:revision="11" el:status="released"/>
      <el:author  el:name="Alex Smith" el:email="ais523@bham.ac.uk" el:homepage=""/>
      <el:copyright>Copyright © 2009 Alex Smith</el:copyright>
      <el:license el:type="GPL v2.0 or above" el:open="true"/>
      <el:compatibility el:enigma="1.10"/>
      <el:modes el:easy="true" el:single="true" el:network="false"/>
      <el:score el:easy="0:30" el:difficult="0:31"/>
    </el:info>
    <el:luamain><![CDATA[
wo["ConserveLevel"] = true

ti[" "] = {"fl_hay"}
ti["#"] = {"st_panel", cluster=1}
ti["G"] = {"st_rotator_ccw"}
ti["g"] = {"st_rotator_cw"}
ti["<"] = {"st_boulder_w"}
ti[">"] = {"st_boulder_e"}
ti["*"] = {"it_extralife"}
ti["f"] = {"it_flag_black"}
ti["O"] = {"st_oxyd_a"}
if wo["IsDifficult"] then
    ti["@"] = {"#ac_marble"}
else
    ti["@"] = ti["*"] .. {"#ac_marble"}
end

wo(ti, " ", {
    "####################",
    "O>                 G",
    "#g################ #",
    "g                 <#",
    "# ################G#",
    "#>                 G",
    "#g################ #",
    "g                 <#",
    "# ################G#",
    "#>                 G",
    "#g################ #",
    "O@*f              <#",
    "##################G#"})
 ]]></el:luamain>
    <el:i18n>
      <el:string el:key="title">
        <el:english el:translate="true"/>
      </el:string>
    </el:i18n>
  </el:protected>
</el:level>
