<?xml version="1.0" encoding="UTF-8" standalone="no" ?>
<index xmlns:xsi="http://www.w3.org/2001/XMLSchema-instance" xsi:noNamespaceSchemaLocation="index.xsd">

  <info enigma="1.10" group="Enigma" location="10900" network="false" owner="Enigma Team" release="1" revision="79" title="Enigma VIII"/>

  <attributes/>

  <levels>
    <level _seq="1" _title="Welcome" _xpath="./welcometopack8_1" author="Raoul Bourquin" ctrl="force" easy="true" id="welcometopack8" rel="1" rev="7" score="1" target="time" unit="duration"/>
    <level _seq="2" _title="Inkblot 1" _xpath="./npb01_2" author="Nathan Bronecke" ctrl="force" easy="true" id="20070519npb015045" rel="2" rev="2" score="1" target="time" unit="duration"/>
    <level _seq="3" _title="Crawling the Abyss" _xpath="./sph02_2" author="ShadowPhrogg32642342" ctrl="force" easy="true" id="sph02" rel="2" rev="6" score="1" target="time" unit="duration"/>
    <level _seq="4" _title="- Meditation -" _xpath="./joe04_2" author="Joseph Dunne" ctrl="force" easy="false" id="joe4" rel="2" rev="1" score="1" target="time" unit="duration"/>
    <level _seq="5" _title="alternate X" _xpath="./devnull29_2" author="/dev/null" ctrl="force" easy="true" id="devnull29" rel="2" rev="10" score="2" target="time" unit="duration"/>
    <level _seq="6" _title="Ball Alley" _xpath="./johann01_1" author="Johann Freymuth" ctrl="force" easy="false" id="johann01" rel="1" rev="1" score="1" target="time" unit="duration"/>
    <level _seq="7" _title="Pick-Up" _xpath="./joe27_2" author="Joseph Dunne" ctrl="force" easy="false" id="joe27" rel="2" rev="2" score="1" target="time" unit="duration"/>
    <level _seq="8" _title="The Red Room" _xpath="./joe29_2" author="Joseph Dunne" ctrl="force" easy="true" id="joe29" rel="2" rev="1" score="1" target="time" unit="duration"/>
    <level _seq="9" _title="Cross Mail" _xpath="./johann03_1" author="Johann Freymuth" ctrl="force" easy="false" id="johann03" rel="1" rev="11" score="1" target="time" unit="duration"/>
    <level _seq="10" _title=" - Meditation - " _xpath="./devnull06_1" author="/dev/null" ctrl="force" easy="true" id="devnull06" rel="1" rev="9" score="1" target="time" unit="duration"/>
    <level _seq="11" _title="Joona's Chess" _xpath="./joona02_1" author="Joona Laire" ctrl="force" easy="true" id="joona02" rel="1" rev="0" score="1" target="time" unit="duration"/>
    <level _seq="12" _title="Helios I" _xpath="./mecke07_1" author="mecke" ctrl="force" easy="false" id="mecke48" rel="1" rev="22" score="1" target="time" unit="duration"/>
    <level _seq="13" _title="Rhythm of Space" _xpath="./mecke20_2" author="mecke" ctrl="force" easy="true" id="mecke20" rel="2" rev="37" score="1" target="time" unit="duration"/>
    <level _seq="14" _title="Mazelets" _xpath="./raoul34_1" author="Raoul Bourquin" ctrl="force" easy="true" id="raoul34" rel="1" rev="2" score="1" target="time" unit="duration"/>
    <level _seq="15" _title="Helios II" _xpath="./mecke08_1" author="mecke" ctrl="force" easy="true" id="mecke08" rel="1" rev="26" score="1" target="time" unit="duration"/>
    <level _seq="16" _title="Symopal" _xpath="./andreas58_1" author="Andreas Lochmann, Ronald Lamprecht" ctrl="force" easy="true" id="andreas58" rel="1" rev="2" score="1" target="time" unit="duration"/>
    <level _seq="17" _title="Alternatives?" _xpath="./just24_2" author="JuSt" ctrl="force" easy="true" id="just24" rel="2" rev="3" score="1" target="time" unit="duration"/>
    <level _seq="18" _title="Turbulencia" _xpath="./mecke19_1" author="mecke" ctrl="force" easy="true" id="mecke19" rel="1" rev="22" score="1" target="time" unit="duration"/>
    <level _seq="19" _title="No More Alternatives" _xpath="./just25_2" author="JuSt" ctrl="force" easy="true" id="just25" rel="2" rev="3" score="1" target="time" unit="duration"/>
    <level _seq="20" _title=" - Meditation - " _xpath="./devnull07_1" author="/dev/null" ctrl="force" easy="true" id="devnull07" rel="1" rev="9" score="1" target="time" unit="duration"/>
    <level _seq="21" _title="The Gordian Knot" _xpath="./ral15_1" author="Ronald Lamprecht" ctrl="force" easy="true" id="20090312ral718" rel="1" rev="167" score="1" target="time" unit="duration"/>
    <level _seq="22" _title="Impulsive Order" _xpath="./raywick05_2" author="Ray Wick" ctrl="force" easy="true" id="raywick5" rel="2" rev="15" score="2" target="time" unit="duration"/>
    <level _seq="23" _title="Red Cave" _xpath="./mecke21_2" author="mecke" ctrl="force" easy="true" id="mecke21" rel="2" rev="45" score="1" target="time" unit="duration"/>
    <level _seq="24" _title="Fight of Elements" _xpath="./ral48_1" author="Ronald Lamprecht" ctrl="force" easy="true" id="20090403ral538" rel="1" rev="172" score="1" target="time" unit="duration"/>
    <level _seq="25" _title="Missing Oxyds?" _xpath="./manfi01_1" author="Manfredi Carta" ctrl="force" easy="true" id="manfi01" rel="1" rev="1" score="1" target="time" unit="duration"/>
    <level _seq="26" _title="From Six To Twenty-Six" _xpath="./ais04_1" author="Alex Smith" ctrl="force" easy="false" id="20090427ais523001" rel="1" rev="8" score="1" target="time" unit="duration"/>
    <level _seq="27" _title="Tilt Board" _xpath="./ulf06_2" author="Ulf Stegemann" ctrl="force" easy="true" id="20080529ulf118" rel="2" rev="116" score="2" target="time" unit="duration"/>
    <level _seq="28" _title="The Walls" _xpath="./just26_2" author="JuSt" ctrl="force" easy="true" id="just26" rel="2" rev="3" score="1" target="time" unit="duration"/>
    <level _seq="29" _title="Filler" _xpath="./devnull33_1" author="/dev/null" ctrl="force" easy="false" id="devnull33" rel="1" rev="3" score="1" target="time" unit="duration"/>
    <level _seq="30" _title="- Meditation -" _xpath="./devnull04_1" author="/dev/null" ctrl="force" easy="true" id="devnull04" rel="1" rev="13" score="1" target="time" unit="duration"/>
    <level _seq="31" _title="Push Wires" _xpath="./ral24_1" author="Ronald Lamprecht" ctrl="force" easy="true" id="20080708ral196" rel="1" rev="129" score="1" target="time" unit="duration"/>
    <level _seq="32" _title="Maze for Two" _xpath="./ral22_2" author="Ronald Lamprecht" ctrl="force" easy="true" id="20071017ral096" rel="2" rev="182" score="1" target="time" unit="duration"/>
    <level _seq="33" _title="2 + 2" _xpath="./devnull11_1" author="/dev/null" ctrl="force" easy="true" id="devnull11" rel="1" rev="7" score="1" target="time" unit="duration"/>
    <level _seq="34" _title="Maze for Two II" _xpath="./ral23_2" author="Ronald Lamprecht" ctrl="force" easy="true" id="20090330ral370" rel="2" rev="182" score="2" target="time" unit="duration"/>
    <level _seq="35" _title="Wired Five" _xpath="./ral25_1" author="Ronald Lamprecht" ctrl="force" easy="true" id="20080721ral073" rel="1" rev="183" score="1" target="time" unit="duration"/>
    <level _seq="36" _title="Double Sense" _xpath="./joe14_2" author="Joseph Dunne" ctrl="force" easy="true" id="joe14" rel="2" rev="2" score="1" target="time" unit="duration"/>
    <level _seq="37" _title="Elbow Society" _xpath="./andreas45_2" author="Andreas Lochmann" ctrl="force" easy="true" id="andreas45" rel="2" rev="6" score="2" target="time" unit="duration"/>
    <level _seq="38" _title="Double Sense II" _xpath="./joe15_2" author="Joseph Dunne" ctrl="force" easy="true" id="joe15" rel="2" rev="3" score="1" target="time" unit="duration"/>
    <level _seq="39" _title="Wired Strips" _xpath="./ral38_1" author="Ronald Lamprecht" ctrl="force" easy="true" id="20081223ral510" rel="1" rev="151" score="1" target="time" unit="duration"/>
    <level _seq="40" _title="mad-ill-tation" _xpath="./illmind14_2" author="illmind" ctrl="force" easy="false" id="ill0907-01" rel="2" rev="3" score="1" target="time" unit="duration"/>
    <level _seq="41" _title="Transpositions" _xpath="./duffy174_2" author="Jacob Scott" ctrl="force" easy="false" id="duffy174" rel="2" rev="3" score="1" target="time" unit="duration"/>
    <level _seq="42" _title="Sanssouci" _xpath="./mecke05_1" author="mecke" ctrl="force" easy="true" id="mecke05" rel="1" rev="40" score="1" target="time" unit="duration"/>
    <level _seq="43" _title="Microwire" _xpath="./ral27_1" author="Ronald Lamprecht" ctrl="force" easy="false" id="20080717ral427" rel="1" rev="128" score="1" target="time" unit="duration"/>
    <level _seq="44" _title="Southside Life" _xpath="./mecke10_2" author="mecke" ctrl="force" easy="true" id="mecke10" rel="2" rev="34" score="1" target="time" unit="duration"/>
    <level _seq="45" _title="More Microwire" _xpath="./ral28_1" author="Ronald Lamprecht" ctrl="force" easy="false" id="20080717ral282" rel="1" rev="130" score="1" target="time" unit="duration"/>
    <level _seq="46" _title="Status code 302" _xpath="./devnull02_2" author="/dev/null" ctrl="force" easy="true" id="devnull02" rel="2" rev="11" score="2" target="time" unit="duration"/>
    <level _seq="47" _title="Freestyle Microwire" _xpath="./ral29_1" author="Ronald Lamprecht" ctrl="force" easy="true" id="20080719ral530" rel="1" rev="129" score="1" target="time" unit="duration"/>
    <level _seq="48" _title="Wireban Premiere" _xpath="./ral26_1" author="Ronald Lamprecht" ctrl="force" easy="false" id="20080715ral161" rel="1" rev="130" score="1" target="time" unit="duration"/>
    <level _seq="49" _title="Fifty Years Later ..." _xpath="./mecke23_1" author="mecke" ctrl="force" easy="true" id="mecke23" rel="1" rev="42" score="1" target="time" unit="duration"/>
    <level _seq="50" _title="- Meditation -" _xpath="./raoul31_1" author="Raoul Bourquin" ctrl="force" easy="true" id="raoul31" rel="1" rev="8" score="1" target="time" unit="duration"/>
    <level _seq="51" _title="Squared Microwire" _xpath="./ral39_1" author="Ronald Lamprecht" ctrl="force" easy="true" id="20081227ral230" rel="1" rev="150" score="1" target="time" unit="duration"/>
    <level _seq="52" _title="Alternation I" _xpath="./mecke17_1" author="mecke" ctrl="force" easy="false" id="mecke17" rel="1" rev="14" score="1" target="time" unit="duration"/>
    <level _seq="53" _title="Deathbridge" _xpath="./ais01_1" author="Alex Smith" ctrl="force" easy="true" id="20090416ais523003" rel="1" rev="9" score="1" target="time" unit="duration"/>
    <level _seq="54" _title="Vanity's Constrictions" _xpath="./andreas53_2" author="Andreas Lochmann" ctrl="force" easy="true" id="andreas53" rel="2" rev="10" score="2" target="time" unit="duration"/>
    <level _seq="55" _title="5 Days and 5 Nights" _xpath="./andreas56_1" author="Andreas Lochmann" ctrl="force" easy="true" id="andreas56" rel="1" rev="3" score="1" target="time" unit="duration"/>
    <level _seq="56" _title="Weirdly Wired" _xpath="./andreas49_1" author="Andreas Lochmann" ctrl="force" easy="true" id="andreas49" rel="1" rev="11" score="1" target="time" unit="duration"/>
    <level _seq="57" _title="Alternation II" _xpath="./mecke31_1" author="mecke" ctrl="force" easy="false" id="mecke31" rel="1" rev="21" score="1" target="time" unit="duration"/>
    <level _seq="58" _title="Involution" _xpath="./raoul32_1" author="Raoul Bourquin" ctrl="force" easy="true" id="raoul32" rel="1" rev="6" score="1" target="time" unit="duration"/>
    <level _seq="59" _title="Wired Shogun" _xpath="./ral34_1" author="Ronald Lamprecht" ctrl="force" easy="true" id="20080828ral417" rel="1" rev="129" score="1" target="time" unit="duration"/>
    <level _seq="60" _title="Meditation Sorting" _xpath="./wesley02_2" author="Helge Blohmer" ctrl="force" easy="true" id="20080821wcr001" rel="2" rev="4" score="2" target="time" unit="duration"/>
    <level _seq="61" _title="Hang-dogging?" _xpath="./devnull16_1" author="/dev/null" ctrl="force" easy="true" id="devnull16" rel="1" rev="8" score="1" target="time" unit="duration"/>
    <level _seq="62" _title="Two Is A Company I" _xpath="./devnull24_1" author="/dev/null" ctrl="force" easy="true" id="devnull24" rel="1" rev="4" score="1" target="time" unit="duration"/>
    <level _seq="63" _title="Earthlink" _xpath="./pulley15_2" author="Mark Pulley" ctrl="force" easy="true" id="pulley15" rel="2" rev="2" score="1" target="time" unit="duration"/>
    <level _seq="64" _title="Two Is A Company II" _xpath="./devnull25_1" author="/dev/null" ctrl="force" easy="true" id="devnull25" rel="1" rev="4" score="1" target="time" unit="duration"/>
    <level _seq="65" _title="Techno Voodoo" _xpath="./mecke06_2" author="mecke" ctrl="force" easy="true" id="mecke06" rel="2" rev="21" score="2" target="time" unit="duration"/>
    <level _seq="66" _title="Multi-lane" _xpath="./devnull03_1" author="/dev/null" ctrl="force" easy="true" id="devnull03" rel="1" rev="30" score="1" target="time" unit="duration"/>
    <level _seq="67" _title="Two Is A Company III" _xpath="./devnull27_1" author="/dev/null" ctrl="force" easy="false" id="devnull27" rel="1" rev="4" score="1" target="time" unit="duration"/>
    <level _seq="68" _title="A Screenful of Secrets" _xpath="./mecke01_1" author="mecke" ctrl="force" easy="true" id="mecke01" rel="1" rev="36" score="1" target="time" unit="duration"/>
    <level _seq="69" _title="Two Is A Company IV" _xpath="./devnull28_1" author="/dev/null" ctrl="force" easy="false" id="devnull28" rel="1" rev="2" score="1" target="time" unit="duration"/>
    <level _seq="70" _title="Zero Magnetism Lab" _xpath="./duffy178_1" author="Jacob Scott" ctrl="force" easy="false" id="duffy178" rel="1" rev="6" score="1" target="time" unit="duration"/>
    <level _seq="71" _title="On belay?" _xpath="./devnull15_1" author="/dev/null" ctrl="force" easy="true" id="devnull15" rel="1" rev="9" score="1" target="time" unit="duration"/>
    <level _seq="72" _title="Crabwise I" _xpath="./devnull34_2" author="/dev/null" ctrl="force" easy="true" id="devnull34" rel="2" rev="4" score="2" target="time" unit="duration"/>
    <level _seq="73" _title="Plutos World" _xpath="./mecke16_1" author="mecke" ctrl="force" easy="false" id="mecke16" rel="1" rev="23" score="1" target="time" unit="duration"/>
    <level _seq="74" _title="Crabwise II" _xpath="./devnull35_2" author="/dev/null" ctrl="force" easy="true" id="devnull35" rel="2" rev="4" score="2" target="time" unit="duration"/>
    <level _seq="75" _title="More or Less Wired" _xpath="./ral42_1" author="Ronald Lamprecht" ctrl="force" easy="true" id="20081229ral" rel="1" rev="194" score="1" target="time" unit="duration"/>
    <level _seq="76" _title="New York Jungle" _xpath="./mecke32_1" author="mecke" ctrl="force" easy="false" id="mecke32" rel="1" rev="26" score="1" target="time" unit="duration"/>
    <level _seq="77" _title="Crabwise III" _xpath="./devnull38_1" author="/dev/null" ctrl="force" easy="true" id="devnull38" rel="1" rev="6" score="1" target="time" unit="duration"/>
    <level _seq="78" _title="Plutos Confusion" _xpath="./mecke13_1" author="mecke" ctrl="force" easy="false" id="mecke30" rel="1" rev="21" score="1" target="time" unit="duration"/>
    <level _seq="79" _title="Crabwise IV" _xpath="./devnull45_1" author="/dev/null" ctrl="force" easy="true" id="devnull45" rel="1" rev="5" score="1" target="time" unit="duration"/>
    <level _seq="80" _title="The Fortress" _xpath="./joe09_2" author="Joseph Dunne" ctrl="force" easy="false" id="joe9" rel="2" rev="1" score="1" target="time" unit="duration"/>
    <level _seq="81" _title="Mountain Climbing" _xpath="./joe10_1" author="Joseph Dunne" ctrl="force" easy="true" id="joe10" rel="1" rev="0" score="1" target="time" unit="duration"/>
    <level _seq="82" _title="Slopes, Jumps &amp; Falls" _xpath="./duffy167_1" author="Jacob Scott" ctrl="force" easy="false" id="duffy167" rel="1" rev="2" score="1" target="time" unit="duration"/>
    <level _seq="83" _title="Caving" _xpath="./pulley31_1" author="Mark Pulley" ctrl="force" easy="false" id="20090424pulley001" rel="1" rev="1" score="1" target="time" unit="duration"/>
    <level _seq="84" _title="Mountain Climbing II" _xpath="./joe25_2" author="Joseph Dunne" ctrl="force" easy="true" id="joe25" rel="2" rev="2" score="1" target="time" unit="duration"/>
    <level _seq="85" _title="Underground Temple" _xpath="./joe12_2" author="Joseph Dunne" ctrl="force" easy="true" id="joe_12" rel="2" rev="0" score="2" target="time" unit="duration"/>
    <level _seq="86" _title="Volcano Day" _xpath="./pulley23_1" author="Mark Pulley" ctrl="force" easy="false" id="pulley23" rel="1" rev="0" score="1" target="time" unit="duration"/>
    <level _seq="87" _title="Mountain Climbing III" _xpath="./joe26_1" author="Joseph Dunne" ctrl="force" easy="true" id="joe26" rel="1" rev="0" score="1" target="time" unit="duration"/>
    <level _seq="88" _title="Pinnacles I" _xpath="./mecke36_1" author="mecke" ctrl="force" easy="true" id="mecke36" rel="1" rev="16" score="1" target="time" unit="duration"/>
    <level _seq="89" _title="Danger Flag" _xpath="./ais02_1" author="Alex Smith" ctrl="force" easy="true" id="20090338ais523002" rel="1" rev="11" score="1" target="time" unit="duration"/>
    <level _seq="90" _title="Mole Hill Meditation" _xpath="./ral43_1" author="Ronald Lamprecht" ctrl="force" easy="true" id="20090112ral228" rel="1" rev="139" score="1" target="time" unit="duration"/>
    <level _seq="91" _title="Near Halley I" _xpath="./devnull19_1" author="/dev/null" ctrl="force" easy="true" id="devnull19" rel="1" rev="8" score="1" target="time" unit="duration"/>
    <level _seq="92" _title="Path Through Flood" _xpath="./pulley24_1" author="Mark Pulley" ctrl="force" easy="false" id="20080803pulley001" rel="1" rev="1" score="1" target="time" unit="duration"/>
    <level _seq="93" _title="Number Crunching" _xpath="./ais06_2" author="Alex Smith" ctrl="force" easy="false" id="20090406ais523002" rel="2" rev="6" score="2" target="time" unit="duration"/>
    <level _seq="94" _title="FizzBuzz" _xpath="./ais10_1" author="Alex Smith" ctrl="force" easy="true" id="ais10" rel="1" rev="2" score="1" target="time" unit="duration"/>
    <level _seq="95" _title="The Sum of its Parts" _xpath="./luc36_1" author="Lukas Schüller" ctrl="force" easy="true" id="luc362009" rel="1" rev="2" score="1" target="time" unit="duration"/>
    <level _seq="96" _title="Claustrophobia" _xpath="./ais11_1" author="Alex Smith" ctrl="force" easy="true" id="20090926ais523001" rel="1" rev="2" score="1" target="time" unit="duration"/>
    <level _seq="97" _title="Changing conditions" _xpath="./devnull01_2" author="/dev/null" ctrl="force" easy="false" id="devnull01" rel="2" rev="5" score="1" target="time" unit="duration"/>
    <level _seq="98" _title="Afraid of water" _xpath="./devnull32_1" author="/dev/null" ctrl="force" easy="true" id="devnull32" rel="1" rev="3" score="1" target="time" unit="duration"/>
    <level _seq="99" _title="4 - 8 - 4" _xpath="./dpl03_3" author="Dominik Leipold" ctrl="force" easy="true" id="20070821dpl003" rel="3" rev="5" score="3" target="time" unit="duration"/>
    <level _seq="100" _title="Tutoxyd's Pyramid" _xpath="./ral21_2" author="Ronald Lamprecht" ctrl="force" easy="true" id="20070822ral291" rel="2" rev="189" score="2" target="time" unit="duration"/>
  </levels>

</index>
