<?xml version="1.0" encoding="UTF-8" standalone="no" ?>
<el:level xmlns:xsi="http://www.w3.org/2001/XMLSchema-instance" xsi:schemaLocation="http://enigma-game.org/schema/level/1 level.xsd" xmlns:el="http://enigma-game.org/schema/level/1">
  <el:protected>
    <el:info el:type="level">
      <el:identity el:title="Mountain Climbing II" el:subtitle="How Far Can You Get?" el:id="joe25"/>
      <el:version el:score="1" el:release="2" el:revision="2" el:status="released"/>
      <el:author  el:name="Joseph Dunne" el:email="josephdunne1993@hotmail.com" el:homepage=""/>
      <el:copyright>Copyright © 2006 Joseph Dunne</el:copyright>
      <el:license el:type="GPL v2.0 or above" el:open="true"/>
      <el:compatibility el:enigma="1.10"/>
      <el:modes el:easy="true" el:single="true" el:network="false"/>
      <el:comments><el:code>New API converted by /dev/null (March 2010)</el:code></el:comments>
      <el:score el:easy="-" el:difficult="-"/>
    </el:info>
    <el:luamain><![CDATA[
ti[" "] = {"fl_dark"}
ti["."] = {"fl_pinkbumps"}
ti[","] = {"fl_bluegray"}
ti[";"] = {"fl_sahara"}
ti["!"] = {"fl_abyss"}
ti["_"] = {"fl_space"}
ti["#"] = {"st_fake_oxydc"}
ti["+"] = {"st_fake_oxydc", state = OPEN}
ti["="] = {"st_plaster"}
ti["-"] = {"st_plaster_hollow"}
ti["*"] = {"st_pinkbumps"}
ti["^"] = {"fl_slope_pn"}
ti[">"] = {"fl_slope_pe"}
ti["v"] = {"fl_slope_ps"}
ti["<"] = {"fl_slope_pw"}
ti["7"] = {"fl_slope_ose"}
ti["9"] = {"fl_slope_osw"}
ti["3"] = {"fl_slope_onw"}
ti["1"] = {"fl_slope_one"}
ti["8"] = {"fl_slope_isw"}
ti["6"] = {"fl_slope_inw"}
ti["2"] = {"fl_slope_ine"}
ti["4"] = {"fl_slope_ise"}
ti["T"] = {"#ac_top", range = 8.0, strength = 10.0}
ti["R"] = {"#ac_rotor", range = 5.0, strength = 16.0}
ti["x"] = {"it_extralife"}
ti["f"] = {"it_flag_white"}
ti["D"] = {"it_document", text = "text1"}
ti["H"] = {"it_meditation_bump"}
ti["h"] = {"it_meditation_hill"}
ti["o"] = {"it_meditation"}
ti["@"] = {"#ac_pearl_white", essential = INDISPENSABLE}

if wo["IsDifficult"] then
    wo(ti, " ", {
        "+#+#+#+#+#+#+#+#+#+#+#+#+#+#+#+#+#+#+#+#+#+#+#+#+#+#+#+#+#+#+#+#+#+#+#+#+#+#+#+#+#+#+#+#+#+#+#+#+#+#+#+#+#+#+#+#+#+",
        "#  6^^^2                   6^^^^^^^^^2#7vvvvvvvvvvvvvvvv9 7vvvvvvvvvvvvvvvvv#          <<!!!,,,,,,,7vvvvvvvvvvvvv9#",
        "+  <,,,>           #       <6^^^^^^^2>+>    62!!62 7vvv9<#>7vvvvvvvvvvvvvvvv+          <8vvvvvv#,,,>7vvvvvvv97vv9<+",
        "#  <,,,>        7vv+       <<6^^^^^2>>#>    84!!84 >6^2<<+>>7vvvvvvvvvvvvvvv#  R  R    8vvvvvvv+,,,>>7vvvvv9<>!!<<#",
        "+  <,,,>6^^^2   >,,#       <<<!!!!!>>>+>6^2  6^^^^2><!><<#>>>7vvvvvvvvvvvvvv+vv+^^#vvv+7v9#vvvv#7vv4>>!!!!!<<>!!<<+",
        "#  8vvv4<+#+>   >,,+       <<<!!!!!>>>#><+>  <++++>><!><<+>>>>7vvvvvvvvvvvvv#vv+^^#vvv+>!<#!!!!+>6^2>1^^^^^3<1^^3<#",
        "+       <,,,>   >,,#7vvvvv9<<8vvvvv4>>+><#>  <+##+>><!><<#>>>>>7vvvvvvvvvvvv+vv+^^#vvv+>!<#!!!!#><!>1^^^^^^^3+vv9<+",
        "#       <+#+>   >,,+>7vvv9<<8vvvvvvv4>#><+>  <+##+>><!><<+>>>>>>7vvvvvvvvvv9#vv+^^#^^^+1^3#^^^^+><!>7vvvvvvvvvv9<<#",
        "+       8vvv4   >,,#>>7v9<<8vvvvvvvvv4+><#>  <++++>><!><<#>>>>>>>7vvvvvvvv9<+vv+^^#^^^+        #><!>>!!!!!!!!!!<<<+",
        "#^^^^2          >,,+>>1^3<<7vvvvvvv9 !#><+>  8vvvv4>8v4<<+>>>>>>>>!!!!!!!!<<#vv+^^#^^^+        +><!>>+^^^^^^^^^3<<#",
        "+,,,,>          >,,#>1^^^3<>!!!!!!!<  +><#>        1^^^3<#>>>>>>>>!!!!!!!!<<+                  #>8v41^^^^^^^^^^^3<+",
        "#@,,,>          >,,+1^^^^^31^^^^^^^3   13+1^^^^^^^^^^^^^3+>>>>>>>>!!!!!!!!<<                   +1^^^^^^^^^^^^^^^^3#",
        "+#+#+#+#+#+#+#+#+#+#+#+#+#+#+#+#+#+#+#+#+#+#+#+#+#+#+#+#+#+#+#+#+#+#+#+#+#+#+#+#+#+#+#+#+#+#+#+#+#+#+#+#+#+#+#+#+v+",
        "________________________________________________________________________________________________________________+v+",
        "____________________________________________________________________________________________________++++++______+v+",
        "___________________________________________________________________________________________________+______+_____+v+",
        "__________________________________________________________________________________________________________+_____+v+",
        "__________________________________________________________________________________________________________+__++++v+",
        "____________________________________________________________________________________________________+++++++__+f<<x+",
        "___________________________________________________________________________________________________+_________++++^+",
        "___________________________________________________________________________________________________+____________+^+",
        "___________________________________________________________________________________________________+____________+^+",
        "____________________________________________________________________________________________________+++++++_____+^+",
        "________________________________________________________________________________________________________________+^+",
        "+++++++++++++++++++++++++++++++++++++++++++++++++++++++++++++++++++++++++++++++++++++++++++++++++++++++++++++++++^+",
        "+6^^^^^2!!!!6^^^^^2+>>>>>>!>>>>>>>>>> <<<<<<<<<<<<<<++++++7vvvv97vv97vv97vv9    !!!!!!!!!!!!!!!+7vvvvvvvvvvvvvvvv9+",
        "+<6^^^2>!7v9<6^^^2>+>>12>>!>>>>12>>>> +++++++++^^^^^++++++>!  !<>!!<>__<>  <+ 6^^^^^^^^^^^^^^2!+>___T______6^2   <+",
        "+<<6^2>>!>63<<6^2>>+>>!>>>74>>>!>>>>> +>>7vvvvv!___!<<<<6+>    <>!!<>__<>  <+ <6^^^^^^^^^^^^2>!+>_6^26^2___<+>   <+",
        "+<<<+>>>!><!<<<+>>>+>>!>>>>>>>>!>>>>>!+>>>7vvvv_____<<<6^+>    <1^^31^^31^^3+!<<6^^^^^^^^^^2>>!+>63+13+>6^^3+1^^2<+",
        "+<<<+>>>!><!<<<+>>>+>>74>>12>>>74>>>>!+>>>>vvvv_____<<6^^+>!  !<7vv97vv97vv9+!<<<!!!!!!!!!!>>>!+><+++++><+++++++><+",
        "+<<<+>>>!><!<<<+>>>+>>>>>>!>>>>>>>>>>!+>>>>!!!!!___!<6^^^+1^^^^3>__<>!!<>__<+!<<<!!!!!!!!!!>>>!+>89++++>8vv9+7vv4<+",
        "+<<<+>>>!><!<<<+>>>+>>>>>>!>>>>12>>>>!+>>>>!!++!<<<<+^^^^+7vvvv9>__<>!!<>__<+!<<<!!!!!!!!!!>>>!+>63++++>___<+>___<+",
        "+<<<+>>>!><!<<<+>>>+>>>>>>!>>>>!>>>>>!+>>>>!!++!<<<<+^^^^+>!  !<1^^31^^31^^3+!<<8vvvvvvvvvv4>>!+><+++++>_T_8v4_T_<+",
        "+<<8+4>>!><!<<8v4>>+>>>12>!>>>>74>>>>!+>>>>!!!!!<<<<+^^^^+>    <7vv87vv97vv9+!<8vvvvvvvvvvvv4> +>89+79+>6^^^^^2__<+",
        "+<8v+v4>74<!<8vvv4>+>>>!>>74>>>>>12>>!+>>>>^^^^^3<<<+^^^^+>!  !<>  <>__<>!!<+!8vvvvvvvvvvvvvv4 +> 8v48v4<+++++>__<+",
        "+8vv+vv41^3!8vvvvv4 >>>!>>>>>>>>>!>>>!+>>>1^^^^^^3<<+     1^^^^31^^31^^31^^3+!!!!!!!!!!!!!!!    1^^^^^^^3+++++1^^3+",
        "#v#++++++++++++++++++++++++++++++++++++++++++++++++++++++++++++++++++++++++++++++++++++++++++++++++++++++++++++++++",
        "#v#________________________________________________________________________________________________________________",
        "#v#_____#######____________________________________________________________________________________________________",
        "#v#____________#___________________________________________________________________________________________________",
        "#v#____________#___________________________________________________________________________________________________",
        "#v####_________#___________________________________________________________________________________________________",
        "#x>>f#__#######____________________________________________________________________________________________________",
        "#^####_________#___________________________________________________________________________________________________",
        "#^#____________#___________________________________________________________________________________________________",
        "#^#____________#___________________________________________________________________________________________________",
        "#^#_____#######____________________________________________________________________________________________________",
        "#^#________________________________________________________________________________________________________________",
        "#^#################################################################################################################",
        "#7vv9#7vvvvvvvvvvv9#!<,>!>,<,<,>!<,>,<,,,<<<!<<<<<<<!<<<6#!!!!!!!!!!!!!!!,,,,,7vvvvvv9,7vvvvvv9#7vvvvv9######7vvv9#",
        "#>,,<#>,,,,6^^^2,,<#^#v#v#v#v#^#^#v#^##,,<<<!<<<<<<<!<<6^#!!!!!!!!!!!!!!6^2,#747vvvv9<!>7vvvv9<#>,,,,,<######>,,,<#",
        "#>,,<#>,,,,<###>,,<#,>,<,>!<!<,<,<,>,<#,,<<<<<<!<<<<<<6^^#!!6^^^^^^^^^^^3,>,#>74!!!!<<#>>!!!!<<#>,,,,,<######>,,,<#",
        "#>,,<#1^2,R<###>,,<#^#^#^#^#^3##v#v#^##,,<<<<<<!<<<<<6^^^#!!<7vvvvvvvvvv974!#>1^^^^^3<#>1^^^^3<#>,,,,,8######4,,,<#",
        "#>,,<###>,,<###>,,<#,>!>,<,>,#!<,<,>!<###############^^!!#!!<>7vvvvvvvv9<>!!#1^^^^^^^3#1^^^^^^3#>,,,,,,,,,,,,,,,,<#",
        "#>,,<###>,,8v9#>,,<#v#v#v#v#v#^#^7v9v##>>>!>>>>>>>>>>2^^^#!!<>>!!!!!!!!<<>!!#,!##############!,#>,,,,,,,,T,R,,,,,<#",
        "#>,,<###>6^^2<#>,R<#,>,>!<,>,<!>,>!<,<#>>>>>!>>>!>>>>>2^^#!!<>1^^^^^^^^3<>!!#7vvvvvvv9#7vvvvvv9#>,,,,,,,,,,,,,,,,<#",
        "#>,,8vvv4<,,><#>,,<#v#^#v#^#^#v#^1^3v##>>>>>>>>>!>>>>!>2^#!631^^^^^^^^^^3>!!#>7vvvvv9<#>7vvvv9<#>,,,,,6######2,,,<#",
        "#>,,,,,,,<T,><#>,,<#,>,<,<!<,>,<!>,>,<#>!>!>>>>>>>>>>>>>2#,<,7vvvvvvvvvvv4!!#>>!!!!!<<#>>!!!63<#>,,,,,<######>,,,<#",
        "#>,,,,,,,8vv4<#>,,<#^#^#v#^#^#v#v#^#^##,##################,8v4!!!!!!!!!!!!!!#>1^^^^^3<!>1^^^363#>,,,,,<######>,,,<#",
        "#1^^^^^^^^^^^3#1^^3,,>!<,<,<,>,>,<,>,<#,,,,,,,,,,,,,,,,,,,,,,!!!!!!!!!!!!!!!#1^^^^^^^3,1^^^^^3,,1^^^^^3######1^^^3#",
        "################################################################################################################=v=",
        "________________________________________________________________________________________________________________=v=",
        "_____________________________________________________________________________________==========____=___=________=v=",
        "_____________________________________________________________________________________=;;;;;;;;=____=___=________=v=",
        "_____________________________________________________________________________________=;D;;;;;;=____=___=________=v=",
        "_____________________________________________________________________________________=;;;;;;;;=____=___=_____====v=",
        "_____________________________________________________________________________________=;;;;;;;;=____========__=f<<x=",
        "_____________________________________________________________________________________=;;;;;;;;=________=_____====^=",
        "_____________________________________________________________________________________=;;;;;;;;=________=________=^=",
        "_____________________________________________________________________________________=;;;;;;;;=________=________=^=",
        "_____________________________________________________________________________________=;;;;;;;;=________=________=^=",
        "_____________________________________________________________________________________=;;;;;;;;=_________________= =",
        "=============================================================================================-=================== =",
        "=!!!!!!!!!!!!!!!!!!=!!!!!!!8^^^^^^^^^2;7vv9=>>>!!!!!!!!!!=!<;>;;;;;;!!;;;;;;;79=7v9;7v9=7vv9=--=4>>>>><8vvvvvv4>79=",
        "=!6^^^^^^^^^^^^^^2!=!!!!!!!!6^^^^^^^2>=>79<=>>>!!6^^^^^2!=!<;>;;;;;;!!;;;;;;=><;>;<!>;<=>;;<==-=v4>>>>8vvvvvvvv413=",
        "=!<;;;;;;;;;;;;;;>!=!!!!!!!!<66^^^^2>>=>><<=>>>!!<6^^^2>!=^3;>!!6^^^^^^^^2;;=13=1^3;1^3=1^^3;;;=vv4>>>!!!!!!!!!!62=",
        "=!<;;;;;;;;;;;;;;>!=^^^^^^^^3<8vvvv4>>=>><<=>>>!!<<6^2>>!=;;;>!!<;;;!!;;;>;;=;!=;!;==;===;===;==vvv4>>!!!!!!!!!!<;=",
        "=!<;;;;7vvvv9;;;;1^=^^^^^^^^^3!!!!!!>>=>><<=>>>!!<<<=>>1^=vvv4!!<;6^^^^2;>;;=79=7v9=6^2=vv4;7v9=vvvv4>!!!!!!!!!!8v=",
        "=!<;;;;>!!!!<;;;;;;;;;!!!!!!!!!!!!!!===>><<;>>>!!<<<=>1^^;;;;;!!<;<;;;;>;>;;=><;>;<;<!>T;;;;>;<=vvvvv4!!!!!!6^^^^^=",
        "=!<;;;;1^^^^3;;;;7v=vvvvvvvvv9!!!!!!>>=>><<=>>>!!<<<=1^^^=^^^2!!<;8vvvv4;>;;=13=1^3=8v4=^^^=1^3=62!!!!!!!!!!<6^^^^=",
        "=!< T;;;;;;;;;;;;>!=vvvvvvvv96^^^^^2>>=>><<=>>>!!<<<======;;;>!!<;;;!!;;;>;;=====;===;===;===;==8>!!!!!!!!!!<<6^^^=",
        "=;<T ;;;;;;;;;;;;>!=!!!!!!!!<8vvvvv4>>=>><<=>>>__<<8vvvv9=v9;>!!8vvvvvvvv4;;====7v9=7v9=4;<=7v9=>>!!!!!!!!!!<<<6^^=",
        "=;8vvvvvvvvvvvvvv4!=!!!!!!!!8vvvvvvv4>=>13<=>>>__<8vvvvvv=!<;>;;;;;;!!;;;;;;====>;<;>;<T;;<;>;<=>1^^^^^^^^^2<<<<6^=",
        "=;;;!!!!!!!!!!!!!!!=!!!!!!!6vvvvvvvvv4;1^^3=>>>__8vvvvvvv=!<;>;;;;;;!!;;;;;;====1^3=1^3=^^3=1^3;1^^^^^^^^^2><<<<<6=",
        "=v=================================================================================================================",
        "*v*________________________________________________________________________________________________________________",
        "*v*______*******___________________________________________________________________________________________________",
        "*v*_____*__________________________________________________________________________________________________________",
        "*v*_____*__________________________________________________________________________________________________________",
        "*v****__*__________________________________________________________________________________________________________",
        "*x>>f*___******____________________________________________________________________________________________________",
        "*^****_________*___________________________________________________________________________________________________",
        "*^*____________*___________________________________________________________________________________________________",
        "*^*____________*___________________________________________________________________________________________________",
        "*^*_____*******____________________________________________________________________________________________________",
        "*^*________________________________________________________________________________________________________________",
        "*^*********************************************************************************************####################",
        "*..>!!!!!!!!!!!!!!!*.....................<<<<<<<<<<<<<<<<<<<<<<<<<<!!<<<<<<<<<<<<<<<<<<<<<<<<<<#7vvvvvvvvvvvvvvvv9#",
        "*..>!!!!!!!!!!!!!!!*!!  ..............*..<<<<<<<!<<!<<<<<<<<<<<<<<<!!<<<<<<<<<<<<<<<<<<<<<<<<<<#>                <#",
        "*..1^^^^^^^^2!!!!!!*.!! ..............*..<<<<<<<!<<<<<<<<<<<<<<<<<<!!<<<<<<<<<<<<<<<<<<<<<<!<<<#> ,  , o ,, ,,   <#",
        "*.........  >!!!!!!*.!!!H . ..........*..<<<<<<<!<<<<!!<<<<<<<<<<<<!!<<<<<<<<<<<<<<!<<<<<<<<<<<#> ,, ,   ,  ,    <#",
        "*.........R >!!!!!!*. ..!!  h.........*..<<<<<<<<<<<<!!<<<<<<<<<<<<!!!<<<<<<<<<<<<<<<<<<!<<<<<<#4 , ,, , ,  ,,   <#",
        "*vvvvvvvv9..>!!!!!!*....H!! . . ......*..<<<!<<<<<<<<<<<<<<<<<<<<<<!!!<<<<<<<<<<<<<<<<<<<<<<<<<   ,  , , ,  ,    <#",
        "*!!!!!!!!<..>!!!!!!*..... !h ...  ....*..<<<<<<<!<<<<<<!<<!<<<<<<<<<<<<<<<<<<<<<<<<<<<<<<<<<<<<#2 ,  , , ,, ,,   <#",
        "*!!!!!!!!<..>!!!!!!*..... !!!!..h.....*..<<<<<<<!<<<<<<<<<<<<<<<<!!<<<<<<<<<<<<<<!<<<<<!<<<!<<<#>                <#",
        "*!!!!!!!!<..1^^^^^^*.....H..!!H ......*..!<<<<<<!<<<<<<<<<<<<<<<<!!<<<<<<<<<<<<<<<<<<<<<<<<<<<<#> ,,,,,,,,,,,,   <#",
        "*!!!!!!!!< R.......*.......  ! .......*..<<<<<<<!<<<<<<<<!<<<<<<<!!<<<<<<!<<<<<<<<<<<<<<<!<<<<<#>                <#",
        "*!!!!!!!!<  ............... !!!! .....*..<<<<<<<<<<<!!!!<<<<<<<<<!!<<<<<<<<<<<<<<<<<!<<<<<<<<<<#1^^^^^^^^^^^^^^^^3#",
        "**************************=------=*************************************************************####################"})
else
    wo(ti, " ", {
        "+#+#+#+#+#+#+#+#+#+#+#+#+#+#+#+#+#+#+#+#+#+#+#+#+#+#+#+#+#+#+#+#+#+#+#+#+#+#+#+#+#+#+#+#+#+#+#+#+#+#+#+#+#+#+#+#+#+",
        "#  6^^^2                   6^^^^^^^^^2#7vvvvvvvvvvvvvvvv9 7vvvvvvvvvvvvvvvvv#          <<!!,,,,,,,,7vvvvvvvvvvvvv9#",
        "+  <,,,>           #       <6^^^^^^^2>+>    62!!62 7vvv9<#>7vvvvvvvvvvvvvvvv+          <8vvvvvv#,,,>7vvvvvvv97vv9<+",
        "#  <,,,>        7vv+       <<6^^^^^2>>#>    84!!84 >6^2<<+>>7vvvvvvvvvvvvvvv#  R  R    8vvvvvvv+,,,>>7vvvvv9<>!!<<#",
        "+  <,,,>6^^^2   >,,#       <<<!!!!!>>>+>6^2  6^^^^2><!><<#>>>7vvvvvvvvvvvvvv+vv+^^#vvv+7v9#vvvv#7vv4>>!!!!!<<>!!<<+",
        "#  8vvv4<,,,>   >,,+       <<<!!!!!>>>#><+>  <++++>><!><<+>>>>7vvvvvvvvvvvvv#vv+^^#vvv+>!<#!!!!+>6^2>1^^^^^3<1^^3<#",
        "+       <,,,>   >,,#7vvvvv9<<8vvvvv4>>+><#>  <+##+>><!><<#>>>>>7vvvvvvvvvvvv+vv+^^#vvv+>!<#!!!!#><!>1^^^^^^^3+vv9<+",
        "#       <,,,>   >,,+>7vvv9<<8vvvvvvv4>#><+>  <+##+>><!><<+>>>>>>7vvvvvvvvvv9#vv+^^#^^^+1^3#^^^^+><!>7vvvvvvvvvv9<<#",
        "+       8vvv4   >,,#>>7v9<<8vvvvvvvvv4+><#>  <++++>><!><<#>>>>>>>7vvvvvvvv9<+vv+^^#^^^+        #><!>>!!!!!!!!!!<<<+",
        "#^^^^2          >,,+>>1^3<<7vvvvvvv9  #><+>  8vvvv4>8v4<<+>>>>>>>>7vvvvvv9<<#vv+^^#^^^+        +><!>>+^^^^^^^^^3<<#",
        "+,,,,>          >,,#>1^^^3<>!!!!!!!<  +><#>        1^^^3<#>>>>>>>>>!!!!!!<<<+                  #>8v41^^^^^^^^^^^3<+",
        "#@,,,>          >,,+1^^^^^31^^^^^^^3   13+1^^^^^^^^^^^^^3+>>>>>>>>>!!!!!!<<<                   +1^^^^^^^^^^^^^^^^3#",
        "+#+#+#+#+#+#+#+#+#+#+#+#+#+#+#+#+#+#+#+#+#+#+#+#+#+#+#+#+#+#+#+#+#+#+#+#+#+#+#+#+#+#+#+#+#+#+#+#+#+#+#+#+#+#+#+#+v+",
        "________________________________________________________________________________________________________________+v+",
        "____________________________________________________________________________________________________++++++______+v+",
        "___________________________________________________________________________________________________+______+_____+v+",
        "__________________________________________________________________________________________________________+_____+v+",
        "__________________________________________________________________________________________________________+__++++v+",
        "____________________________________________________________________________________________________+++++++__+f<<x+",
        "___________________________________________________________________________________________________+_________++++^+",
        "___________________________________________________________________________________________________+____________+^+",
        "___________________________________________________________________________________________________+____________+^+",
        "____________________________________________________________________________________________________+++++++_____+^+",
        "________________________________________________________________________________________________________________+^+",
        "+++++++++++++++++++++++++++++++++++++++++++++++++++++++++++++++++++++++++++++++++++++++++++++++++++++++++++++++++^+",
        "+6^^^^^2!!!!6^^^^^2+>>>>>>!>>>>>>>>>> <<<<<<<<<<<<<<++++++7vvvv97vv97vv97vv9    !!!!!!!!!!!!!!!+7vvvvvvvvvvvvvvvv9+",
        "+<6^^^2>!7v9<6^^^2>+>>12>>!>>>>12>>>> +++++++++^^^^^++++++>!  !<>!!<>__<>  <+ 6^^^^^^^^^^^^^^2!+>   T      6^2   <+",
        "+<<6^2>>!>63<<6^2>>+>>!>>>74>>>!>>>>> +>>7vvvvv!___!<<<<6+>    <>!!<>__<>  <+ <6^^^^^^^^^^^^2>!+> 6^26^2   <+>   <+",
        "+<<<+>>>!><!<<<+>>>+>>!>>>>>>>>!>>>>>!+>>>7vvvv_____<<<6^+>    <1^^31^^31^^3+!<<6^^^^^^^^^^2>>!+>63+13+>6^^3+1^^2<+",
        "+<<<+>>>!><!<<<+>>>+>>74>>12>>>74>>>>!+>>>>7vvv_____<<6^^+>!  !<7vv97vv97vv9+!<<<6^^^^^^^^2>>>!+><+++++><+++++++><+",
        "+<<<+>>>!><!<<<+>>>+>>>>>>!>>>>>>>>>>!+>>>>>!!!!___!<6^^^+1^^^^3>__<>!!<>__<+!<<<<!!!!!!!!>>>>!+>89++++>8vv9+7vv4<+",
        "+<<<+>>>!><!<<<+>>>+>>>>>>!>>>>12>>>>!+>>>>>!++!<<<<+^^^^+7vvvv9>__<>!!<>__<+!<<<8vvvvvvvv4>>>!+>63++++>   <+>   <+",
        "+<<<+>>>!><!<<<+>>>+>>>>>>!>>>>!>>>>>!+>>>>>!++!<<<<+^^^^+>!   <1^^31^^31^^3+!<<8vvvvvvvvvv4>>!+><+++++> T 8v4 T <+",
        "+<<8+4>>!><!<<8v4>>+>>>12>!>>>>74>>>>!+>>>>>!!!!<<<<+^^^^+>    <7vv87vv97vv9+!<8vvvvvvvvvvvv4> +>89+79+>6^^^^^2  <+",
        "+<8v+v4>74<!<8vvv4>+>>>!>>74>>>>>12>>!+>>>>1^^^^3<<<+^^^^+>   !<>  <>__<>!!<+!8vvvvvvvvvvvvvv4 +> 8v48v4<+++++>  <+",
        "+8vv+vv41^3!8vvvvv4 >>>!>>>>>>>>>!>>>!+>>>1^^^^^^3<<+     1^^^^31^^31^^31^^3+!!!!!!!!!!!!!!!    1^^^^^^^3+++++1^^3+",
        "#v#++++++++++++++++++++++++++++++++++++++++++++++++++++++++++++++++++++++++++++++++++++++++++++++++++++++++++++++++",
        "#v#________________________________________________________________________________________________________________",
        "#v#_____#######____________________________________________________________________________________________________",
        "#v#____________#___________________________________________________________________________________________________",
        "#v#____________#___________________________________________________________________________________________________",
        "#v####_________#___________________________________________________________________________________________________",
        "#x>>f#__#######____________________________________________________________________________________________________",
        "#^####_________#___________________________________________________________________________________________________",
        "#^#____________#___________________________________________________________________________________________________",
        "#^#____________#___________________________________________________________________________________________________",
        "#^#_____#######____________________________________________________________________________________________________",
        "#^#________________________________________________________________________________________________________________",
        "#^#################################################################################################################",
        "#7vv9#7vvvvvvvvvvv9#!<,>!>,<,<,>!<,>,<,,,<<<<<<<<<<<!<<<6#!!!!!!!!!!!!!!!,,,,,7vvvvvv9,7vvvvvv9#7vvvvv9######7vvv9#",
        "#>,,<#>,,,,6^^^2,,<#^#v#v#v#v#^#^#v#^##,,<<<<<<<<<<<!<<6^#!!!!!!!!!!!!!!6^2,#747vvvv9<#>7vvvv9<#>,,,,,<######>,,,<#",
        "#>,,<#>,,,,<###>,,<#,>,<,>!<!<,<,<,>,<#,,<<<<<<!<<<<<<6^^#!!6^^^^^^^^^^^3,>,#>74!!!!<<#>>!!!!<<#>,,,,,<######>,,,<#",
        "#>,,<#1^2,R<###>,,<#^#^#^#^#^3##v#v#^##,,<<<<<<!<<<<<6^^^#!!<7vvvvvvvvvv974!#>1^^^^^3<#>1^^^^3<#>,,,,,<######>,,,<#",
        "#>,,<###>,,<###>,,<#,>!>,<,>,#!<,<,>!<###############^^!!#!!<>7vvvvvvvv9<>!!#1^^^^^^^3#1^^^^^^3#>,,,,,8vvvvvv4,,,<#",
        "#>,,<###>,,8v9#>,,<#v#v#v#v#v#^#^7v9v##>>>!>>>>>>>>>>2^^^#!!<>>!!!!!!!!<<>!!#,################,#>,,,,,,,,T,R,,,,,<#",
        "#>,,<###>6^^2<#>,R<#,>,>!<,>,<!>,>!<,<#>>>>>>>>>!>>>>>2^^#!!<>1^^^^^^^^3<>!!#7vvvvvvv9#7vvvvvv9#>,,,,,6^^^^^^2,,,<#",
        "#>,,8vvv4<,,><#>,,<#v#^#v#^#^#v#^1^3v##>>>>>>>>>!>>>>!>2^#!631^^^^^^^^^^3>!!#>7vvvvv9<#>7vvvv9<#>,,,,,<######>,,,<#",
        "#>,,,,,,,<T,><#>,,<#,>,<,<!<,>,<!>,>,<#>>>!>>>>>>>>>>>>>2#,<,7vvvvvvvvvvv4!!#>>!!!!!<<#>>!!!63<#>,,,,,<######>,,,<#",
        "#>,,,,,,,8vv4<#>,,<#^#^#v#^#^#v#v#^#^##,##################,8v4!!!!!!!!!!!!!!#>1^^^^^3<#>1^^^363#>,,,,,<######>,,,<#",
        "#1^^^^^^^^^^^3#1^^3,,>!<,<,<,>,>,<,>,<#,,,,,,,,,,,,,,,,,,,,,,!!!!!!!!!!!!!!!#1^^^^^^^3,1^^^^^3,,1^^^^^3######1^^^3#",
        "################################################################################################################=v=",
        "________________________________________________________________________________________________________________=v=",
        "_____________________________________________________________________________________==========____=___=________=v=",
        "_____________________________________________________________________________________=;;;;;;;;=____=___=________=v=",
        "_____________________________________________________________________________________=;D;;;;;;=____=___=________=v=",
        "_____________________________________________________________________________________=;;;;;;;;=____=___=_____====v=",
        "_____________________________________________________________________________________=;;;;;;;;=____========__=f<<x=",
        "_____________________________________________________________________________________=;;;;;;;;=________=_____====^=",
        "_____________________________________________________________________________________=;;;;;;;;=________=________=^=",
        "_____________________________________________________________________________________=;;;;;;;;=________=________=^=",
        "_____________________________________________________________________________________=;;;;;;;;=________=________=^=",
        "_____________________________________________________________________________________=;;;;;;;;=_________________= =",
        "=============================================================================================-=================== =",
        "=!!!!!!!!!!!!!!!!!!=!!!!!!!6^^^^^^^^^2;7vv9=>>>!!!!!!!!!!=;>;>;;;;;;!!;;;;;;;79=7v9;7v9=7vv9=--=4>>>>><8vvvvvv4>79=",
        "=!6^^^^^^^^^^^^^^2!=!!!!!!!<6^^^^^^^2>=>79<=>>>!!6^^^^^2!=;>;>;;;;;;!!;;;;;;=><;>;<!>;<=>;;<==-=v4>>>>8vvvvvvvv413=",
        "=!<;;;;;;;;;;;;;;>!=^^^^^^^3<66^^^^2>>=>><<=>>>!!<6^^^2>!=v4;>!!6^^^^^^^^2;;=13=1^3;1^3=1^^3;;;=vv4>>>!!!!!!!!!!62=",
        "=!<;;;;;;;;;;;;;;>!=^^^^^^^^3<8vvvv4>>=>><<=>>>!!<<6^2>>!=;;;>!!<;;;!!;;;>;;=;!=;!;==;===;===;==vvv4>>!!!!!!!!!!<;=",
        "=!<;;;;7vvvv9;;;;1^=^^^^^^^^^3!!!!!!>>=>><<=>>>!!<<<=>>1^=vvv4!!<;6^^^^2;>;;=79=7v9=6^2=vv4;7v9=vvvv4>!!!!!!!!!!8v=",
        "=!<;;;;>!!!!<;;;;;;;;;!!!!!!!!!!!!!!===>><<;>>>!!<<<=>1^^;;;;;!!<;<;;;;>;>;;=><;>;<;<!>T;;;;>;<=vvvvv4!!!!!!6^^^^^=",
        "=!<;;;;1^^^^3;;;;7v=vvvvvvvvv9!!!!!!>>=>><<=>>>!!<<<=1^^^=^^^2!!<;8vvvv4;>;;=13=1^3=8v4=^^^=1^3=62!!!!!!!!!!<6^^^^=",
        "=!< T;;;;;;;;;;;;>!=vvvvvvvv96^^^^^2>>=>><<=>>>!!<<<======;;;>!!<;;;!!;;;>;;=====;===;===;===;==8>!!!!!!!!!!<<6^^^=",
        "=;<T ;;;;;;;;;;;;>!=vvvvvvv9<8vvvvv4>>=>><<=>>>__<<8vvvv9=^2;>!!8vvvvvvvv4;;====7v9=7v9=4;<=7v9=>>!!!!!!!!!!<<<6^^=",
        "=;8vvvvvvvvvvvvvv4!=!!!!!!!<8vvvvvvv4>=>13<=>>>__<8vvvvvv=;>;>;;;;;;!!;;;;;;====>;<;>;<T;;<;>;<=>1^^^^^^^^^2<<<<6^=",
        "=;;;!!!!!!!!!!!!!!!=!!!!!!!8vvvvvvvvv4;1^^3=>>>__8vvvvvvv=;>;>;;;;;;!!;;;;;;====1^3=1^3=^^3=1^3;1^^^^^^^^^2><<<<<6=",
        "=v=================================================================================================================",
        "*v*________________________________________________________________________________________________________________",
        "*v*______*******___________________________________________________________________________________________________",
        "*v*_____*__________________________________________________________________________________________________________",
        "*v*_____*__________________________________________________________________________________________________________",
        "*v****__*__________________________________________________________________________________________________________",
        "*x>>f*___******____________________________________________________________________________________________________",
        "*^****_________*___________________________________________________________________________________________________",
        "*^*____________*___________________________________________________________________________________________________",
        "*^*____________*___________________________________________________________________________________________________",
        "*^*_____*******____________________________________________________________________________________________________",
        "*^*________________________________________________________________________________________________________________",
        "*^*********************************************************************************************####################",
        "*..>!!!!!!!!!!!!!!!*.....................<<<<<<<<<<<<<<<<<<<<<<<<<<!!<<<<<<<<<<<<<<<<<<<<<<<<<<#7vvvvvvvvvvvvvvvv9#",
        "*..>!!!!!!!!!!!!!!!*!!  ..............*..<<<<<<<!<<<<<<<<<<<<<<<<<<!!<<<<<<<<<<<<<<<<<<<<<<<<<<#>                <#",
        "*..1^^^^^^^^2!!!!!!*.!! ..............*..<<<<<<<!<<<<<<<<<<<<<<<<<<!!<<<<<<<<<<<<<<<<<<<<<<!<<<#> ,  , o ,, ,,   <#",
        "*.........  >!!!!!!*.!!!H . ..........*..<<<<<<<!<<<<!!<<<<<<<<<<<<!!<<<<<<<<<<<<<<!<<<<<<<<<<<#> ,, ,   ,  ,    <#",
        "*.........R >!!!!!!*. ..!!  h.........*..<<<<<<<<<<<<!!<<<<<<<<<<<<!!!<<<<<<<<<<<<<<<<<<!<<<<<<#4 , ,, , ,  ,,   <#",
        "*vvvvvvvv9..>!!!!!!*....H!! . . ......*..<<<<<<<<<<<<<<<<<<<<<<<<<<!!!<<<<<<<<<<<<<<<<<<<<<<<<<   ,  , , ,  ,    <#",
        "*!!!!!!!!<..>!!!!!!*..... !h ...  ....*..<<<<<<<!<<<<<<<<<<<<<<<<<<<<<<<<<<<<<<<<<<<<<<<<<<<<<<#2 ,  , , ,, ,,   <#",
        "*!!!!!!!!<..>!!!!!!*..... !!!!..h.....*..<<<<<<<!<<<<<<<<<<<<<<<<!!<<<<<<<<<<<<<<!<<<<<!<<<!<<<#>                <#",
        "*!!!!!!!!<..1^^^^^^*.....H..!!H ......*..<<<<<<<!<<<<<<<<<<<<<<<<!!<<<<<<<<<<<<<<<<<<<<<<<<<<<<#> ,,,,,,,,,,,,   <#",
        "*!!!!!!!!< R.......*.......  ! .......*..<<<<<<<!<<<<<<<<<<<<<<<<!!<<<<<<!<<<<<<<<<<<<<<<!<<<<<#>                <#",
        "*!!!!!!!!<  ............... !!!! .....*..<<<<<<<<<<<!!!!<<<<<<<<<!!<<<<<<<<<<<<<<<<<!<<<<<<<<<<#1^^^^^^^^^^^^^^^^3#",
        "**************************=------=*************************************************************####################"})
end
 ]]></el:luamain>
    <el:i18n>
      <el:string el:key="title">
        <el:english el:translate="false"/>
      </el:string>
      <el:string el:key="text1">
        <el:english el:translate="true">This is a SuperSecret!! Well done on finding it!!</el:english>
        <el:translation el:lang="de">Du hast den geheimen Raum gefunden!! Gut gemacht!!</el:translation>
      </el:string>
    </el:i18n>
  </el:protected>
</el:level>

