<?xml version="1.0" encoding="UTF-8" standalone="no" ?>
<el:level xmlns:xsi="http://www.w3.org/2001/XMLSchema-instance" xsi:schemaLocation="http://enigma-game.org/schema/level/1 level.xsd" xmlns:el="http://enigma-game.org/schema/level/1">
  <el:protected>
    <el:info el:type="level">
      <el:identity el:title="Zero Magnetism Lab" el:subtitle="" el:id="duffy178"/>
      <el:version el:score="1" el:release="1" el:revision="6" el:status="released"/>
      <el:author  el:name="Jacob Scott" el:email="" el:homepage=""/>
      <el:copyright>Copyright © 2007 Jacob Scott</el:copyright>
      <el:license el:type="GPL v2.0 or above" el:open="true"/>
      <el:compatibility el:enigma="1.10"/>
      <el:modes el:easy="false" el:single="true" el:network="false"/>
      <el:score el:easy="-" el:difficult="-"/>
    </el:info>
    <el:luamain><![CDATA[
ti[" "] = {"fl_space"}
ti["="] = {"fl_bast"}
ti["~"] = {"fl_lawn"}
ti["#"] = ti["~"] .. {"st_greenbrown"}
ti["."] = ti["="] .. {"it_meditation_hollow"}
ti["o"] = {"#ac_pearl"}
ti["O"] = ti["~"] .. {"#ac_pearl"}
ti["p"] = ti["~"] .. {"it_meditation_hill"}
ti["q"] = ti["~"] .. {"it_meditation_hollow"}
ti["switch"] = {"st_switch", target="magnet%%"}
ti["magnet"] = ti[" "] .. {"it_magnet", "magnet%%"}

wo(res.autotile(ti, {"A", "F", "switch"}, {"1", "6", "magnet"}), " ", {
    "####################",
    "A~#=1             =#",
    "#p#   .     o    o #",
    "BO# o         2 .  #",
    "#p#                #",
    "Cq#  3   .         #",
    "#p#             . 4#",
    "Dq#                #",
    "#p#  o             #",
    "EO#    5  o .      #",
    "#p#  .             #",
    "F~#=           o6 =#",
    "####################"})
 ]]></el:luamain>
    <el:i18n>
      <el:string el:key="title">
        <el:english el:translate="false"/>
      </el:string>
    </el:i18n>
  </el:protected>
</el:level>
