<?xml version="1.0" encoding="utf-8" standalone="no" ?>
<el:level xmlns:xsi="http://www.w3.org/2001/XMLSchema-instance" xsi:schemaLocation="http://enigma-game.org/schema/level/1 level.xsd" xmlns:el="http://enigma-game.org/schema/level/1">
  <el:protected>
    <el:info el:type="level">
      <el:identity el:title="Southside Life" el:subtitle="...Enjoy!" el:id="mecke10" />
      <el:version el:score="1" el:release="2" el:revision="$Revision: 34 $" el:status="released" />
      <el:author el:name="mecke" el:email="" el:homepage="" />
      <el:copyright>Copyright © 2008 Thomas Bernhardt</el:copyright>
      <el:license el:type="GPL v2.0 or above" el:open="true" />
      <el:compatibility el:enigma="1.10" />
      <el:modes el:easy="true" el:single="true" el:network="false" el:control="force" el:scoreunit="duration" el:scoretarget="time" />
      <el:comments>
        <el:credits el:showinfo="true" el:showstart="false">Thanks to Ronald Lamprecht for testing and title idea</el:credits>
      </el:comments>
      <el:score el:easy="29:49" el:difficult="36:11" />
    </el:info>
    <el:luamain> <![CDATA[
wo["ConserveLevel"] = true

ti[" ."] = {"fl_redslab"}
ti[" ,"] = {"fl_swamp"}
ti[" +"] = {"fl_woven"}
ti[" !"] = {"fl_brick"}
ti["! "] = {"st_death"}
ti[" #"] = {"fl_metal_7", friction=4.0}
ti["# "] = {"st_plaster"}
ti[" $"] = {"fl_abyss"}
ti[" %"] = {"fl_ivory"}
ti["$ "] = {"st_break_oxydc"}
ti["% "] = {"st_purplegray"}
ti[" &"] = {"fl_water"}
ti[" '"] = {"fl_bluegray"}
ti[" ("] = {"fl_space"}
ti["& "] = {"st_yellow"}
ti["' "] = {"st_actorimpulse"}
ti["( "] = {"st_grate_cross"}
ti["i1"] = ti[" ."] .. {"st_grate_cross"}
ti["i2"] = ti[" ,"] .. {"st_grate_cross"}
ti[" 1"] = {"fl_rough"}
ti[") "] = {"st_bluesand"}
ti["f "] = {"it_coffee"}
ti[" )"] = {"fl_red"}
ti["* "] = {"st_oxyd_d"}
ti["+ "] = {"st_rawglass_movable"}
ti["e2"] = ti[" +"] .. {"st_rawglass_movable"}
ti["e4"] = ti[" ("] .. {"st_rawglass_movable"}
ti["e5"] = ti[" &"] .. {"st_rawglass_movable"}
ti["w4"] = ti[" 1"] .. {"st_rawglass_movable"}
ti["w5"] = ti[" )"] .. {"st_rawglass"}
ti["w6"] = ti[" )"] .. {"st_rawglass_movable"}
ti[", "] = {"st_door", faces="ew"}
ti[" *"] = {"fl_slope_pw"}
ti["- "] = {"st_door", faces="ns"}
ti["g "] = {"it_extralife"}
ti["i3"] = ti["i1"] .. {"it_extralife"}
ti["i4"] = ti["i2"] .. {"it_extralife"}
ti[". "] = {"st_stoneimpulse"}
ti["/ "] = {"st_stoneimpulse_hollow"}
ti["0 "] = {"st_plaster_hollow"}
ti[" -"] = {"fl_aquamarine"}
ti["1 "] = {"st_rawglass"}
ti[" /"] = {"fl_blueslab"}
ti["2 "] = {"st_shogun_m"}
ti[" 0"] = {"fl_himalaya"}
ti["e1"] = ti["e2"] .. {"it_brush"}
ti["3 "] = {"st_shogun_s"}
ti["5 "] = {"st_plaster_movable"}
ti["6 "] = {"st_shogun_l"}
ti["c8"] = ti["e4"] .. {"it_banana"}
ti["o "] = {"it_meditation_dent"}
ti["c "] = {"it_cherry"}
ti["c5"] = ti["w5"] .. {"it_cherry"}
ti["c6"] = ti["w6"] .. {"it_cherry"}
ti["c7"] = ti["e5"] .. {"it_cherry"}
ti["q "] = {"it_coin_s"}
ti["t1"] = ti[" #"] .. {"it_trigger", target="lezy1",action="toggle"}
ti["t2"] = ti[" #"] .. {"it_trigger", target="lezy1",action="toggle"}
ti["t8"] = ti[" '"] .. {"it_shogun_l", target="olli1",action="toggle"}
ti["t9"] = ti[" '"] .. {"it_shogun_l", target={"olli2", "olli3"} ,action="toggle"}
ti["k1"] = ti[" ("] .. {"it_key", code=1}
ti["k2"] = ti[" %"] .. {"it_key", code=2}
ti["k3"] = ti[" #"] .. {"it_key", code=3}
ti["4 "] = {"st_key",code=1, name= "oklli1", target= "olli4", action="toggle"}
ti["9 "] = {"st_key",code=2, name= "oklli2", target= "olli5", action="toggle"}
ti["8 "] = {"st_key",code=3, name= "oklli3", target={"olli6","olli7"}, action="toggle"}
ti["d1"] = ti[" %"] .. {"st_door", faces="ew", name= "olli1"}
ti["d2"] = ti[" %"] .. {"st_door", faces="ns", name= "olli2"}
ti["d3"] = ti[" %"] .. {"st_door", faces="ns", name= "olli3"}
ti["d4"] = ti[" #"] .. {"st_door", faces="ew", name= "olli4"}
ti["d5"] = ti[" #"] .. {"st_door", faces="ew", name= "olli5"}
ti["d6"] = ti[" %"] .. {"st_door", faces="ew", name= "olli6"}
ti["d7"] = ti[" %"] .. {"st_door", faces="ew", name= "olli7"}
ti["w1"] = ti["w4"] .. {"it_wormhole", destination = po(48.5, 39.5),range=10, strength=10}
ti["w2"] = ti[" 1"] .. {"it_wormhole", destination = po(40.5, 18.5),range=10, strength=10}
ti["w3"] = ti[" #"] .. {"it_wormhole", destination = po(20.5, 25.5),range=10, strength=10}
ti["7 "] = {"st_break_boulder"}
ti[": "] = {"st_oneway_black_n"}
ti["Y "] = {"st_oneway_black_s"}
ti[" 2"] = {"fl_gravel"}
ti[" 3"] = {"fl_yinyang_yin"}
ti["; "] = {"st_knight"}
ti["< "] = {"st_laser_e", name="lezy1"}
ti["= "] = {"st_thief"}
ti["u "] = {"st_box_wood"}
ti[" 4"] = {"fl_mortar"}
ti["> "] = {"st_quake"}
ti[" 5"] = {"fl_slope_te"}
ti[" 6"] = {"fl_slope_isw"}
ti["? "] = {"st_rotator_ccw"}
ti["@ "] = {"st_boulder_e"}
ti["A "] = {"st_actorimpulse_invisible"}
ti[" 7"] = {"fl_slope_pe"}
ti["B "] = {"st_boulder_w"}
ti["V "] = {"st_passage_black_frame"}
ti["C "] = {"st_ghost_break"}
ti["D "] = {"st_bluegray"}
ti["X "] = {"st_bluegray_hollow"}
ti[" 8"] = {"fl_sahara"}
ti["E "] = {"st_boulder_s"}
ti["F "] = {"st_passage_black_cross"}
ti["G "] = {"st_boulder_n"}
ti["s "] = {"it_springboard"}
ti["j "] = {"it_magicwand"}
ti["hh"] = ti[" &"] .. {"it_strip", connections="ew"}
ti["x "] = {"#ac_marble_black"}
ti["r "] = {"#ac_rotor", range=6, strength=10}
ti["y "] = {"#ac_top", range=1, strength=1}
ti["z "] = {"#ac_top", range=3, strength=3}
if wo ["IsDifficult"] then
    ti["wd"] = ti[" &"] .. {"it_death"}
    ti["bd"] = ti[" #"] .. {"it_death"}
    ti["wu"] = ti[" )"] .. {"fl_red"}
    ti["ww"] = ti[" -"] .. {"fl_aquamarine"}
else
    ti["wd"] = ti[" &"] .. {"fl_water"}
    ti["bd"] = ti[" #"] .. {"fl_metal_7", friction=4.0}
    ti["wu"] = ti[" )"] .. {"it_umbrella"}
    ti["ww"] = ti[" -"] .. {"it_extralife"}
end

local resolver = res.composer(ti)

w, h = wo(resolver, "  ", {
       "!!#####################################!!#!#!#!#!#!#!#!#!#!#!#!#!#!#!#!#!#!##!#####################################!#####################################!",
       "!### ( # # # (&( * * * * * *&( ( ( # ### # . . . . . . . . ) & & . . .+. . .## 1 1 1 1 1 1 1(1w1w2(1 1 1 1 1 1 1 1##*#0#0#0#0#######A(A(##0#0#0#0#0#0#*###",
       "!### # ( # #&( ( * * * * * * (&( # ( ### # . . . . . . . . ) . . . . . . . .## 1 & & & & & & & & & & & & & & & & 1##0#0#####0#######0(0(##0###############",
       "!### # # (&# ( ( * * * * * * ( (&( ( ### # . # # # #+# & & ) # # # # # # # .## 1 & & & & & ( ( ( ( ( ( & & & & & 1##0#######0#0#0#0#0(0(0#0#0#0#0#0#0#####",
       "!### # #&# ( ( ( * * * * * * ( ( (&( ### # . ( ( ( ( ( ( # ) # ( ( ( ( ( ( .## 1 & & & ( ( ( ( ( ( ( ( ( ( & & & 1##0###############0(0(############0#####",
       "!### #&# ( ( ( ( * * * * * * ( ( ( (&### # . ( ( ( ( ( ( # ) &c7 ( ( ( ( ( .## 1 & ( ( ( ( ( ( ( ( ( ( ( ( ( ( & 1##0#0#0#0#0#0#####0(0(############0#####",
       "!###&#k2f(f(f(f( * * * * * *f(f(f(f( *d4 # . ( ( ( ( ( ( # ) # ( ( ( ( ( ( .d5 1 4:4:4:4:4:4:4#-#-:4:4:4:4:4:4 4 1##'(#(#(####0###0#0#0#0#0#0#0#0#0#0#*###",
       "!### #&# ( ( ( ( * * * * * * ( ( ( (&### # . ( ( ( (c8 & & ) # ( ( ( ( ( ( .##:1 & ( ( ( ( ( ( ( ( ( ( ( ( ( ( &:1##0#########0###0#0#0#############0#####",
       "!### # #&# ( ( ( * * * * * * ( ( (&( ### # . ( ( ( ( ( ( # ) # ( ( ( ( ( ( .## 1 & & & ( ( ( ( ( ( ( ( ( ( & & & 1##0#####0###0#####0#0###0#0#0#0#0#0#####",
       "!### # # (&# ( ( * * * * * * ( (&( ( ### # . ( ( ( ( ( ( # ) &c7 ( ( ( ( ( .## 1 & & & & & ( ( ( ( ( ( & & & & & 1##0#0#0#0###0#####0#0###0###############",
       "!### # ( # #&( ( * * * * * * (&( # ( ### # . . . .(. . . . ) . . . . . . . .## 1 & & & & & & &!&!& & & & & & & & 1##0###0#####0#####0#0###0#0#0#0#0#######",
       "!### ( # # # (&( * * * * * *&( ( ( # ### # . . .(.i3(.wd &wu #bd #+# # # # ### 1 1 1 1 1 1 1 1 1 1 1 1 1 1 1 1 1 1##*###0#0#0#0#####((((##########0#0#*###",
       "#!#####################################!#,#,#,#,5,5,5,#,#,0,#,#,#,#,#,#,#,#,#!################:#:##################!################c5c6#################!",
       "## $ $ ( ( ( ( ( $ $ $ ( ( ( ( ( $ $ (## , , , , /3/ , , , , & &(,i4(, , / /## 2 2 2 2 2 2 2 2 2 2 2 2 2 2 2 2 2 2## % % % % % % % %G%G% % % % % % % % %##",
       "## $'$'('('('('('$'$'$'('('('('('$ $ (## , , , , , , , , , , , , ,(, , , , ,## 2 2 2?2 2 # 2 2 2 # 2 2 2 2 # # # 2## % % % % % % % % % % % % % % % % % %##",
       "## $'$ ( ( ( ( ( $ $ $ ( ( ( ( ('$ $ (## , /2/ , , , , & & , , , , / / , , ,## 2 2 2 #@# # # # # # # # # #@# # #?2## % % % % % % % % % % % % % % % % % %##",
       "## $'$ ( ( ( ( ( $ $ $ ( ( ( ( ('$ $ (## , , , , , , , , , , , , , , , , , ,## 2 2 2 #A# #A#A2A#A2A2A#A#A#A#A# # 2## % % % % % % % % % % % % % % % % % %##",
       "## $'$ ( (*# ( ( $ $ $ ( (*# ( ('$ $ (## , , , , /6/ , , ,o, & & , , , , / /## 2 2 2 #A# 2 #C#C#C# # # # 2 #A# # 2##(# # # #(# # # # # # # # #(# # # #(###",
       "## $'$ ( ) ( )*# $ $ $*# ) ( ) ('$ $ (## - - -wwwwx-t8 - - ' - -t9z-ww - - -## 2 2 2 # # # #C#k3C# # # # 2 # # # ### # # # # # # # # # # # # # # # # # ###",
       "## $'$ ( (*# ( ( $ $ $ ( (*# ( ('$ $ (## , /2/ , , , , & &o, , , , / / , , ,## 2 2 2 #A# 2 #C#C#C# # # # # #A# # 2## #(# #(# #(# #(# # #(# #(# #(# #(# ###",
       "## $'$ ( ( ( ( ( $ $ $ ( ( ( ( ('$ $ (## , , , , , , , , , , , , , , , , , ,## 2 2 2 #A# # # # # # 2 # # 2 #A# # 2## # # # # # # # # # # # # # # # # # ###",
       "## $($ ((( ((( (($ $($ ((( ((( (($ $ (## , , , , /6/ , , , , & & , , , , / /## 2 2 2 #A#A#A#A2 #A#A#A#A#A#A#A# # 2## # #(# # # #(# # # # #(# # # #(# # ###",
       "## $y$((y((( (((y$y$y$(( (((y(((y$ $ (## , , , , , , , , , , , , , , , , , ,## 2 2?2 # #B# # # #B# # # #B# # #B# 2## % % % % % % % % % % % % % % % % % %##",
       "## $($ ((( ((( (($ $($ ((( ((( (($ $ (## , , /3/ , , , & & , , , , / / , , ,## 2 2 2 # 2 2 # 2 2 2 2 2 2 2 2 2?2 2## % % % % % % % % % % % % % % % % % %##",
       "#! %$% %$% %$% %$% %$% %$% %$% %$% %$%#!####0#0#0#########0##################!#####################################! # # # # # # # # # # # # # # # # # ##!",
       "##$% %$% %$% %$% %$% %$% %$% %$% %$% %## ' ' ' ' ' ' ' ' ' ' 0 0 0 ($080$0 (##(3(3(3(3(3(3(3(3(3(3(3(3(3(3(3(3(3(3 & 8 8 8 8 8 8 8 8 8 8 8 8 8 8 8 8 8 8#8",
       "## %$% %$% %$% %$% %$% %$% %$% %$% %$%## ' ' ' ' ' ' ' & & ( 0&0 0 (70$070 (7$V3!#=#=#=#=#=#=#=#=#=#=#=#=#=#=#!#V3 & 8 8 8 8 8 8 8 8 8s8 & & & & & & & &#8",
       "##%% % % % % % % % % % % % % % % % %%%0# ' ' ' ' ' ' 0 0 0 ( 0 0 0 ( ( ( ( (##V3># & & & & & & & & & & & & & &>#V3 & 8 8 8 8 8 8 8 8 8s8 & & & & 1 1 ( 1#1",
       "## %%% % % % % % % % % % % % % % %%% %## ' ' ' ' ' ' 0&0 0 ( & & ( ( (&( ( (##V3># & & &c& & & & & & &c& & & &>#V3 & 8 8 8 8 8 8 8 8 8s8 & & & 1 1 ( 8 ((1",
       "## % %%% % % % % % % % % % % % %%% % &## ' ' 0 0 0 ' 0 0 0 ( 0 0 0 ( ( ( ( (##V3># & &c&c&c& & & & &c&c&c& & &>#V3 & 8 8 8 8 8 8 8 8 8s8 & & 1 1 (g8 &g8((",
       "## & % &%% % % % % % % % % % %%% & % %d1 ' ' 040 0 ' ' & & ( 0&0 0 ( 0 0 0 0$0V3># &c&c&r&c&c& & &c&c&r&c&c& &>#V3 1 1 1 1 1 1 1 1 1 1s1 &s1 1 ( # &j8hhF8",
       "## % % % %%% % % % % % % % %%% % % % &## ' ' 0 0 0 ' 0 0 0 ( 0 0 0 ( ( ( ( (##V3># & &c&c&c& & & & &c&c&c& & &>#V3 & 8 8 8 8 8 8 8 8 8s8 & & 1 1 (g8 &g8((",
       "## % & & & %%% % % % % % %%% & % & % %## ' ' ' ' ' ' 0&0 0 ( & & ( ( (&( ( (##V3># & & &c& & & & & & &c& & & &>#V3 & 8 8 8 8 8 8 8 8 8s8 & & & 1 1 ( 8 ((1",
       "## % % % % % %%%d2%%%%d3%% % & % & % &## ' ' ' ' ' ' 0 0 0 ( 0 0 0 ( ( ( ( (##V3># & & & & & & & & & & & & & &>#V3 & 8 8 8 8 8 8 8 8 8s8 & & & & 1 1 ( 1#1",
       "## & & & % & %d6 % % % %d7 % % % & % &## ' ' ' ' ' ' ' & & ( 0&0 0 ( 0 0 0 (7$V3!#=#=#=#=#=#=#=#=#=#=#=#=#=#=#!#V3 & 8 8 8 8 8 8 8 8 8s8 & & & & & & & &#8",
       "## % % % % % %%% %g%g% %%% % & % % % &## ' ' ' ' ' ' ' ' ' ( 0 0 0 ( 090 0 (##(3(3(3(3(3(3(3(3(3(3(3(3(3(3(3(3(3(3 &E8E8E8E8E8E8E8E8 8 8E8E8E8E8E8E8E8E8#8",
       "#!.&################################.(.!/'/'/'/'/'/'/'/'/'/'/&/&/(/(/0/0/0.(#!#####################################!F%F%F%F%F%F%F%F#####F&F%F%F%F%F%F%F%#!",
       "##/& ' ' ' '+' '+' ' ')' ' ' ( ' '.'/(#+1%1%1%1%1%1%1% +1%1%1%1%1%1%1%1% +1%##D#;#;#;#;#;#;#D#D#D#D#;#;#;#;#;#;#D### % % % % % %F# 7 7 7 7 & % % % % % %##",
       "##/& ' ' '+' '+' '+' ' ' ' ' ( '.'.'/(#+ +(+ +1+ + + ++& & +++ + + + + +(+ +##=( ( ( ( ( ( (=(=(=(=( ( ( ( ( ( (=(## % % % % %F# 7 7 7 7 7 7 & % % % % %##",
       "##/& ' ' ' '+' '+' ')' ')' ' (.'/'/'/(0++++% $1%1%1%1%1%1%1%1%1%1% +1%1%1%1%##=# # # # # # #X# # #X# # # # # # #=### % % % %F# 7 7 7 7 7 7 & & & % % % %##",
       "##/& ')' '+' '+' '+' ' ' ' '/(/'/'/'/(## + + + + + + + +e1 + &+& + + + + + +##=5 5=5=#=#=#=#D#D#D#D#=#=#=#=#=7 7=7## % % %F# 7 7 7 7 7 7 & & & & & % % %##",
       "##/&u' & & $ $ $ $ $ $ $ $/$/(/'/'/'/(##1%1%1%1%1%1% +1%1% +1%1%1%1%1%1%++1%##D# # # # # # # # # # # # # # # # # ### % %F# 7 7 7 7 7*# & & & & & & & % %##",
       "##/&u' &*#!$!$!$!$!$!$!$.$/$/(/'/'/'/(## + + + + + + ++& & +++ + + +++ + + +##<# - - - - - - - - - - - - - - - -@-## %F# 7 7 7 7 7*# &*# & & & & & & &@%##",
       "##/&u' & & $ $ $ $ $ $ $ $/$/(/'/'/'/(## +1%1%1%1%1%1%1%1%1%1%1% + ++%+% +1%## # # # # # # # # # # # # # # # # # ### % %F# 7 7 7 7 7*# & & & & & & & % %##",
       "##/& ')' '+' '+' '+' ' ' ' '/(/'/'/'/(## + +!+ + + + + +++ + &+&++ +++ + + +##D#D#Y#D#;#D#;#D#:#:#D#;#D#;#D#Y#D#D### % % %F# 7 7 7 7 7 7 & & & & & % % %##",
       "##/& ' ' ' '+' '+' ')' ')' ' (.'/'/'/(##+%+%k1+% +1%1%1%1% +1%1%1%1%++1% %1%##D#D5Y#D#D#D#D#D#:#:#D#D#D#D#D#Y#D#D### % % % %F# 7 7 7 7 7 7 & & & % % % %##",
       "##/& ' ' '+' '+' '+' ' ' ' ' ( '.'.'/(## +(+ + + + + ++& & +++ + + + + +(+ +##D# 6 # # 7 7 7 7t1t2 # 5 5 #w3 # #D### % % % % %F# 7 7 7 7 7 7 & % % % % %##",
       "##/& ' ' ' '+' '+' ' ')' ' ' ( ' '.'/(##1%1%1%1%1%1%1%1%1%1%1%q%1%1%1%1%1%1%##D#D#D#D#D#D#D#D#D#D#D#D#D#D#D#D#D#D### % % % % % %F# 7 7 7 7 & % % % % % %##",
       "#!##################################.##!!#!#!#!#!#!#!#!#!#!#!#!#!#!#!#!#!#!##!#####################################!##############F#####F&F%F%F%F%F%F%F%#!"})

wo:shuffleOxyd()
 ]]></el:luamain>
    <el:i18n>
      <el:string el:key="title">
        <el:english el:translate="false"/>
      </el:string>
      <el:string el:key="subtitle">
        <el:english el:translate="false"/>
      </el:string>
    </el:i18n>
  </el:protected>
</el:level>
