<?xml version="1.0" encoding="UTF-8" standalone="no" ?>
<el:level xmlns:xsi="http://www.w3.org/2001/XMLSchema-instance" xsi:schemaLocation="http://enigma-game.org/schema/level/1 level.xsd" xmlns:el="http://enigma-game.org/schema/level/1">
  <el:protected>
    <el:info el:type="level">
      <el:identity el:title="Caving" el:subtitle="" el:id="20090424pulley001"/>
      <el:version el:score="1" el:release="1" el:revision="1" el:status="released"/>
      <el:author  el:name="Mark Pulley" el:email="" el:homepage=""/>
      <el:copyright>Copyright © 2009 Mark Pulley</el:copyright>
      <el:license el:type="GPL v2.0 or above" el:open="true"/>
      <el:compatibility el:enigma="1.10"/>
      <el:modes el:easy="false" el:single="true" el:network="false"/>
      <el:score el:easy="-" el:difficult="8:10"/>
    </el:info>
    <el:luamain><![CDATA[
wo["FollowGrid"] = false
wo["FollowMethod"] = FOLLOW_SCROLL
wo["FollowAction"] = FOLLOW_HALFSCREEN

-- Ground level
ti["  "] = {"fl_lawn_a"}
ti["= "] = {"fl_lawn_b"}
ti["X "] = {"fl_abyss"}
ti["0 "] = {"st_oxyd_e", name = "oxyd#"}
ti["# "] = {"st_redbrown"}
ti["T "] = {"st_greenbrown"}
ti["t "] = ti["  "] .. {"it_hammer"}
ti["R "] = {"st_break"}
ti["D*"] = ti["R "] .. {"it_vortex_open", name="Down%%", destination="Up%%", autoclose=true, autoopen=true}
ti["w "] = {"fl_water"}

-- Level 1
ti["' "] = {"fl_gravel"}
ti["A*"] = ti["' "] .. {"it_vortex_open", name="Up%%", destination="Down%%", autoclose=true, autoopen=true}
ti["B*"] = ti["' "] .. {"it_vortex_open", name="Down%%", destination="Up%%", autoclose=true, autoopen=true}

-- Level 2
ti[", "] = ti({"st_disco_light"}) .. {"fl_gravel"}
ti["E*"] = ti[", "] .. {"it_vortex_open", name="Up%%", destination="Down%%", autoclose=true, autoopen=true}
ti["F*"] = ti[", "] .. {"it_vortex_open", name="Down%%", destination="Up%%", autoclose=true, autoopen=true}

-- Level 3
ti[". "] = ti({"st_disco_medium"}) .. {"fl_concrete"}
ti["G*"] = ti[". "] .. {"it_vortex_open", name="Up%%", destination="Down%%", autoclose=true, autoopen=true}
ti["H*"] = ti[". "] .. {"it_vortex_open", name="Down%%", destination="Up%%", autoclose=true, autoopen=true}

-- Level 4
ti[": "] = ti({"st_disco_medium"}) .. {"fl_rock"}
ti["I*"] = ti[": "] .. {"it_vortex_open", name="Up%%", destination="Down%%", autoclose=true, autoopen=true}
ti["J*"] = ti[": "] .. {"it_vortex_open", name="Down%%", destination="Up%%", autoclose=true, autoopen=true}

-- Level 5
ti["~ "] = ti({"st_disco_medium"}) .. {"fl_gravel"}
ti["K*"] = ti["~ "] .. {"it_vortex_open", name="Up%%", destination="Down%%", autoclose=true, autoopen=true}
ti["L*"] = ti["~ "] .. {"it_vortex_open", name="Down%%", destination="Up%%", autoclose=true, autoopen=true}

-- Level 6
ti["_ "] = {"fl_fake_abyss"}
ti["M*"] = ti["_ "] .. {"it_vortex_open", name="Up%%", destination="Down%%", autoclose=true, autoopen=true}
ti["N*"] = ti["_ "] .. {"it_vortex_open", name="Down%%", destination="Up%%", autoclose=true, autoopen=true}

ti["$ "] = ti["' "] .. {"st_concrete"} -- Floor 1 and 2
ti["% "] = ti[". "] .. {"st_granite"} -- Floor 3 and 4
ti["* "] = ti[": "] .. {"st_darkgray"} -- Floor 5 and 6
ti["^ "] = {"st_oneway_white_n"}
ti["v "] = {"st_oneway_white_s"}
ti["y*"] = ti["~ "] .. {"it_key", code = "key%%"}
ti["z*"] = ti["_ "] .. {"it_key", code = "key%%"}
ti["Z*"] = {"st_key", code = "key%%", action = "toggle", target = "door%%"}
ti["Y*"] = {"st_door_b", name = "door%%"}
ti["c "] = ti["_ "] .. {"it_coin_l"}
ti["C "] = ti[". "] .. {"it_coin_l"}
ti["s "] = {"st_door_b", name = "CoinDoor"}
ti["S "] = {"st_coinslot",  target = "CoinCounter", action = "signal"}
ti["o "] = ti["~ "] .. {"it_floppy"}
ti["V*"] = {"st_floppy", action = "toggle", target = "door%%"}
ti["W*"] = {"st_door_b", name = "door%%"}
ti["O "] = cond(wo["CreatingPreview"], ti["_ "] .. {"#ac_marble_black"}, ti["_ "])
ti["@ "] = cond(wo["CreatingPreview"], ti["  "], ti["  "] .. {"#ac_marble_black"})

wo(res.autotile(ti, {"D","D*"}, {"A","A*"}, {"B","B*"}, {"E","E*"}, {"F","F*"}, {"G","G*"}, {"H","H*"}, {"I","I*"}, {"J","J*"}, {"K","K*"}, {"L","L*"}, {"M","M*"}, {"N","N*"}, {"y","y*"}, {"z","z*"}, {"Z","Z*"}, {"V","V*"}, {"W","W*"}, {"Y","Y*"}), "  ", {
 "$ $ $ $ $ $ $ $ $ $ $ $ $ $ $ $ $ $ $ $ $ $ $ $ $ $ $ $ $ $ $ $ $ $ $ $ $ $ $ $ $ $ $ $ $ $ $ $ $ $ $ $ $ $ $ $ $ $ $ $ $ $ $ $ $ $ $ $ $ $ % % % % % % % % % % % % % % % % % % % % % % % % % % % % % % % % % % % % % % % % ",
 "$ $ $ $ $ $ $ $ $ $ $ $ $ $ $ $ $ $ $ $ $ $ $ $ $ $ $ $ $ $ $ $ $ $ $ $ $ $ $ $ $ $ $ $ $ $ $ $ $ $ $ $ $ $ $ $ $ $ $ $ $ $ $ $ $ $ $ $ $ $ % % % % % % % % % % % % % % % % % % % % % % % % % % % % % % % % % % % % % % % % ",
 "$ $ $ $ $ $ $ $ $ $ $ $ $ $ $ $ $ $ $ $ $ $ $ $ $ $ $ $ $ $ $ $ $ $ $ $ $ $ $ $ $ $ $ $ $ $ $ $ $ $ $ $ $ $ $ $ $ $ $ $ $ $ $ $ $ $ $ $ $ $ % % % % % % % % % % % % % % % % % % % % % % % % % % % % % % % % % % % % % % % % ",
 "$ $ $ $ $ $ $ $ $ $ $ $ $ $ $ $ $ $ $ $ $ $ $ $ $ $ $ $ $ $ $ $ $ $ $ $ $ $ $ $ $ $ $ $ $ $ $ $ $ $ $ $ $ $ $ $ $ $ $ $ $ $ $ $ $ $ $ $ $ $ % % % % % % % % % % % % % % % % % % % % % % % % % % % % % % % % % % % % % % % % ",
 "$ $ $ $ $ $ $ $ $ $ $ $ $ $ $ $ $ $ $ $ $ $ $ $ $ $ $ $ $ $ $ $ $ $ $ $ $ $ $ $ $ $ $ $ $ $ $ $ $ $ $ $ $ $ $ $ $ $ $ $ $ $ $ $ $ $ $ $ $ $ % % % % % % % % % % % % % % % % % % % % % % % % % % % % % % % % % % % % % % % % ",
 "$ $ $ $ $ $ $ $ $ $ $ $ $ $ $ $ $ $ $ $ $ $ $ $ $ $ $ $ $ $ $ $ $ $ $ $ $ $ $ $ $ $ $ $ $ $ $ $ $ $ $ $ $ $ $ $ $ $ $ $ $ $ $ $ $ $ $ $ $ $ % % % % % % % % % % % % % % % % % % % % % % % % % % % % % % % % % % % % % % % % ",
 "$ $ $ $ $ $ $ $ $ $ $ $ $ $ $ $ $ $ $ $ $ $ $ $ $ $ $ $ $ $ $ $ $ $ $ $ $ $ $ $ $ $ $ $ $ $ $ $ $ $ $ $ $ $ $ $ $ $ $ $ $ $ $ $ $ $ $ $ $ $ % % % % % % % % % % % % % % % % % % % % % % % % % % % % % % % % % % % % % % % % ",
 "$ $ $ $ $ $ $ $ $ $ $ $ $ $ $ $ $ $ $ $ $ $ $ $ $ $ $ $ $ $ $ $ $ $ $ $ $ $ $ $ $ $ $ $ $ $ $ $ $ $ $ $ $ $ $ $ $ $ $ $ $ $ $ $ $ $ $ $ $ $ % % % % % % % % % % % % % % % % % % % % % % % % % % % % % % % % % % % % % % % % ",
 "$ $ $ $ $ $ $ $ $ $ $ $ $ $ $ $ $ $ $ $ ' Bbv $ $ $ $ $ $ $ $ $ $ $ $ $ $ $ $ $ $ $ $ $ $ $ $ $ $ $ ^ Eb$ $ $ $ $ $ $ $ $ $ $ $ $ $ $ $ $ $ % % % % % % % % % % % % % % % % % % % % % % % % % % % % % % % % % % % % % % % % ",
 "$ $ $ $ $ $ $ $ $ $ $ $ $ $ $ $ $ $ $ $ ' $ $ $ $ X X X $ $ $ $ $ $ $ $ $ $ $ $ $ $ $ $ $ $ $ $ $ $ $ , $ $ $ X X X $ $ $ $ $ $ $ $ $ $ $ $ % % % % % % % % % % % % % % % % % % % % % % % % % . . . % % % % % % % % % % % % ",
 "$ $ $ $ $ $ $ $ $ $ $ $ $ $ $ $ $ $ $ ' ' $ $ $ $ X X X $ $ $ $ $ $ $ $ $ $ $ $ $ $ $ , , , , , $ $ $ , , $ $ X X X $ $ $ $ $ $ $ $ $ $ $ $ % % % % % % % % % % % % % % % . . . . . . . . . . . C . % % % % % % % % % % % % ",
 "$ $ $ $ $ $ $ $ $ $ $ $ $ $ ^ Aa' $ $ ' $ $ $ $ $ X X X $ $ $ $ $ $ $ $ $ $ $ $ $ $ $ , $ $ $ , $ $ $ $ , $ $ X X X $ $ $ $ $ $ $ $ $ $ $ $ % % % % % % % % % % % % % % % . % % % % % % % % % . . . % % % % % % % % % % % % ",
 "$ $ $ $ $ $ $ $ $ $ $ $ $ $ $ $ ' ' ' ' $ $ $ $ $ $ ' $ $ $ $ $ $ $ $ $ $ $ $ $ $ $ $ , $ v Fg, $ $ $ $ , $ $ $ $ $ $ $ $ $ $ $ $ $ $ $ $ $ % % % % % % % % % % % % % % % . Gg^ % % % % % % % % % % % % % % % % % % % % % % ",
 "$ $ $ $ $ $ $ $ $ $ $ $ $ $ ' ' ' $ $ ' ' $ $ $ ' ' ' $ $ $ $ $ $ $ $ $ $ $ $ $ $ $ $ , $ $ $ $ $ $ $ $ , , , , , , , $ $ $ $ $ $ $ $ $ $ $ % % % % % % % % % % % % % % % % % % % % % v Hl. . . . . . . % % % % % % % % % % ",
 "$ $ $ $ $ $ $ $ $ $ $ $ ' ' ' $ $ $ $ $ ' ' ' ' ' $ $ $ $ $ $ $ $ $ $ $ $ $ $ $ $ $ $ , $ $ $ $ $ $ $ $ $ , $ $ $ $ , $ $ $ $ $ $ $ $ $ $ $ % % % % % % % % % % % % % % % % % % % % % % % % % % % % % . % % % % % % % % % % ",
 "$ $ $ $ $ $ $ $ $ $ $ ' ' $ ' $ $ $ $ $ $ $ $ $ $ $ $ $ $ $ $ $ $ $ $ $ $ $ $ $ $ $ $ , , , , , , , , $ $ , , $ $ $ , $ $ $ $ $ $ $ $ $ $ $ % % % % % % % % % % % % % % % % % % % % % % % % % % % ^ % . % % % % % % % % % % ",
 "$ $ $ $ $ $ $ $ $ $ $ ' $ $ ' ' ' $ $ $ $ $ $ $ $ $ $ $ $ $ $ $ $ $ $ $ $ $ $ $ $ $ $ , $ $ $ $ $ $ , $ $ $ , , $ $ Fh$ $ $ $ $ $ $ $ $ $ $ % % % % % % % % % % % . . . . . . . . . % . . . . . . Gh% . % % % % % % % % % % ",
 "$ $ $ $ $ $ $ $ $ $ $ ' $ $ $ $ ' ' ' ' ' $ $ $ $ v Bc$ $ $ $ $ $ $ $ $ $ $ $ $ $ $ $ , $ $ $ $ $ $ , $ $ $ $ , Ec^ v $ $ $ $ $ $ $ $ $ $ $ % % % % % % % % % % % . % % % % % % % . % . % % % % % % % . % % % % % % % % % % ",
 "$ $ $ $ $ $ $ $ $ $ $ ' $ $ $ $ $ $ $ $ ' $ $ $ $ $ ' $ $ $ $ $ $ $ $ $ $ $ $ $ $ $ $ , $ , Fiv $ $ , , , , , $ $ $ $ $ $ $ $ $ $ $ $ $ $ $ % % % % % % % % % % % . % % . . Gi^ % . % . % . . . . % % . % % % % % % % % % % ",
 "$ $ $ $ $ $ $ $ $ $ $ ' ' $ $ $ $ $ $ ' ' $ $ $ ' ' ' $ $ $ $ $ $ $ $ $ $ $ $ $ $ $ $ , $ , $ $ $ $ , $ $ $ , $ $ $ $ $ $ $ $ $ $ $ $ $ $ $ % % % % % % % % % % % . . . . % % % % . . . % . % % . % % . % % % % % % % % % % ",
 "$ $ $ $ $ $ $ $ $ $ $ $ ' $ $ $ $ $ $ ' $ $ $ ' ' $ $ $ $ $ $ $ $ $ $ $ $ $ $ $ $ $ $ , $ , , $ $ $ , $ v Fz, $ $ $ $ $ $ $ $ $ $ $ $ $ $ $ % % % % % % % % % % % . % X X X X X X % % % % Gz^ % . % % . % % % % % % % % % % ",
 "$ $ $ $ $ $ $ $ $ $ $ $ ' $ $ $ $ $ $ Bev $ $ ' $ $ $ $ $ $ $ $ $ $ $ $ $ $ $ $ $ $ $ , $ $ , $ ^ Ee, $ $ $ $ $ $ $ $ $ $ $ $ $ $ $ $ $ $ $ % % % % % % % % % % % . % X X X X X X % % % % % % % . % % . % % % % % % % % % % ",
 "$ $ $ $ $ $ $ $ $ $ $ $ ' Bdv $ $ $ $ $ $ $ $ ' X X $ $ $ $ $ $ $ $ $ $ $ $ $ $ $ $ $ Ed$ $ , $ $ $ $ $ $ $ X X $ $ $ $ $ $ $ $ $ $ $ $ $ $ % % % % % % % % % % % . % X X X X X X . . . . % X X . . . . % % % % % % % % % % ",
 "$ $ $ $ $ $ $ $ $ $ $ $ $ $ $ $ $ $ $ $ $ ' ' ' X X $ $ $ $ $ $ $ $ $ $ $ $ $ $ $ $ $ ^ $ $ , $ $ $ $ $ $ $ X X $ $ $ $ $ $ $ $ $ $ $ $ $ $ % % % % % % % % % % % . % X X X X X X % % % . . X X % % % % % % % % % % % % % % ",
 "$ $ $ $ $ $ $ $ $ $ $ $ $ $ $ $ $ $ $ $ $ ' $ $ $ $ $ $ $ $ $ $ $ $ $ $ $ $ $ $ $ $ $ $ $ $ , $ , , , $ v Fk, , , , $ $ $ $ $ $ $ $ $ $ $ $ % % % % % % % % % % % . % % % % % % % % ^ % ^ Gk% % % . Hn% % % % % % % % % % % ",
 "$ $ $ $ $ $ $ $ $ $ $ $ $ $ $ $ $ $ $ $ $ ' ' ' ' ' ' $ v $ $ $ $ $ $ $ $ $ $ $ $ $ $ $ $ $ , , , $ Fjv $ , , $ $ , , $ $ $ $ $ $ $ $ $ $ $ % % % % % % % % % % % . . % % % % % % % Gj% % % % . . . v % % % % % % % % % % % ",
 "$ $ $ $ $ $ $ $ $ $ $ $ $ $ $ $ $ $ $ $ $ $ $ $ $ $ ' ' Bf$ $ $ $ $ $ $ $ $ $ $ $ $ $ $ $ $ $ $ $ $ $ $ $ $ $ $ $ $ Ef$ $ $ $ $ $ $ $ $ $ $ % % % % % % % % % % % % . Hmv % % % % % . . . . . . % % % % % % % % % % % % % % ",
 "$ $ $ $ $ $ $ $ $ $ $ $ $ $ $ $ $ $ $ $ $ $ $ $ $ $ $ $ $ $ $ $ $ $ $ $ $ $ $ $ $ $ $ $ $ $ $ $ $ $ $ $ $ $ $ $ $ $ ^ $ $ $ $ $ $ $ $ $ $ $ % % % % % % % % % % % % % % % % % % % % % % % % % % % % % % % % % % % % % % % % ",
 "$ $ $ $ $ $ $ $ $ $ $ $ $ $ $ $ $ $ $ $ $ $ $ $ $ $ $ $ $ $ $ $ $ $ $ $ $ $ $ $ $ $ $ $ $ $ $ $ $ $ $ $ $ $ $ $ $ $ $ $ $ $ $ $ $ $ $ $ $ $ % % % % % % % % % % % % % % % % % % % % % % % % % % % % % % % % % % % % % % % % ",
 "$ $ $ $ $ $ $ $ $ $ $ $ $ $ $ $ $ $ $ $ $ $ $ $ $ $ $ $ $ $ $ $ $ $ $ $ $ $ $ $ $ $ $ $ $ $ $ $ $ $ $ $ $ $ $ $ $ $ $ $ $ $ $ $ $ $ $ $ $ $ % % % % % % % % % % % % % % % % % % % % % % % % % % % % % % % % % % % % % % % % ",
 "$ $ $ $ $ $ $ $ $ $ $ $ $ $ $ $ $ $ $ $ $ $ $ $ $ $ $ $ $ $ $ $ $ $ $ $ $ $ $ $ $ $ $ $ $ $ $ $ $ $ $ $ $ $ $ $ $ $ $ $ $ $ $ $ $ $ $ $ $ $ % % % % % % % % % % % % % % % % % % % % % % % % % % % % % % % % % % % % % % % % ",
 "$ $ $ $ $ $ $ $ $ $ $ $ $ $ $ $ $ $ $ $ $ $ $ $ $ $ $ $ $ $ $ $ $ $ $ $ $ $ $ $ $ $ $ $ $ $ $ $ $ $ $ $ $ $ $ $ $ $ $ $ $ $ $ $ $ $ $ $ $ $ % % % % % % % % % % % % % % % % % % % % % % % % % % % % % % % % % % % % % % % % ",
 "$ $ $ $ $ $ $ $ $ $ $ $ $ $ $ $ $ $ $ $ $ $ $ $ $ $ $ $ $ $ $ $ $ $ $ $ $ $ $ $ $ $ $ $ $ $ $ $ $ $ $ $ $ $ $ $ $ $ $ $ $ $ $ $ $ $ $ $ $ $ % % % % % % % % % % % % % % % % % % % % % % % % % % % % % % % % % % % % % % % % ",
 "$ $ $ $ $ $ $ $ $ $ $ $ $ $ $ $ $ $ $ $ $ $ $ $ $ $ $ $ $ $ $ $ $ $ $ $ $ $ $ $ $ $ $ $ $ $ $ $ $ $ $ $ $ $ $ $ $ $ $ $ $ $ $ $ $ $ $ $ $ $ % % % % % % % % % % % % % % % % % % % % % % % % % % % % % % % % % % % % % % % % ",
 "% % % % % % % % % % % % % % % % % % % % % % % % % % % % % % % % % % % % % % % % # # # # # # # # # # # # # # # # # # # # # # # # # # # # # # # # # # # # # # # # # # # # # # # # # # # # # # # # # # # # # # # # # # # # # # ",
 "% % % % % % % % % % % % % % % % % % % % % % % % % % % % % % % % % % % % % % % % # # # # # # # # # # # # # # # # # # # # # # # # # # # # # # # # # # # # # # # # # # # # # # # # # # # # # # # # # # # # # # # # # # # # # # ",
 "% % % % % % % % % % % % % % % % % % % % % % % % % % % % % % % % % % % % % % % % # # # # # # # # # # # # # # # # # # # # # # # # # # # # # # # # # # # # # # # # # # # # # # # # # # # # # # # # # # # # # # # # # # # # # # ",
 "% % % % % % % % % % % % % % % % % % % % % % % % % % % % % % % % % % % % % % % % # # # # # # # # # # # # # # # # # # # # # # # # # # # # # # # # # # # # # # # # # # # # # # # # # # # # # # # # # # # # # # # # # # # # # # ",
 "% % % % % % % % % % % % % % % % % % % % % % % % % % % % % % % % % % % % % % % % # # # # # # # # # # # # # # # # # # # # # # # # # # # # # # # # # # # # # # # # # # # # # # # # # # # # # # # # # # # # # # # # # # # # # # ",
 "% % % % % % % % % % % % % % % % % % % % % % % % % % % % % % % % % % % % % % % % # # # # # # # # # # # # # # # # # # # # # # # # # # # # # # # # # # # # # # # # # # # # # # # # # # # # # # # # # # # # # # # # # # # # # # ",
 "% % % % % % % % % % % % % % % % % % % % % % % % % % % % % % % % % % % % % % % % # # # # # # # # # # # # # # # # # # # # # # # # # # # # # # # # # # # # # # # # # # # # # # # # # # # # # # # # # # # # # # # # # # # # # # ",
 "% % % % % % % % % % % % % % % % % % % % % % % % % % % % % % % % % % % % % % % % # # # # # # # # # # 0         0 #                             # 0         0 #                             # 0         0 # # # # # # # # # # ",
 "% % % % % % % % % % % % : : : % % % % % % % % % % % % % % % % % % % % % % % % % # # # # # # # # # #             #                             #             #                             #             # # # # # # # # # # ",
 "% % % % % % % % % % % % : % : % % % % : : : : : : % % % % % % % % % % % % % % % # # # # # # # # # #             #               T T           #             #                             #             # # # # # # # # # # ",
 "% % % % % % % % % % % % : % Jo% % % % : % % % % Jp% % % v % % % % % % % % % % % # # # # # # # # # #             #               T T           #             #                             #             # # # # # # # # # # ",
 "% % % % % % % % % % % % : % v % % % % : % % % % v % % % Jq% % % % % % % % % % % # # # # # # # # # #             Y2                            #             #                             Y1            # # # # # # # # # # ",
 "% % % % % % % % % % % % : % % % % % % : % % % % % % % % : % % % % % % % % % % % # # # # # # # # # #             #                             #             #                             #             # # # # # # # # # # ",
 "% % % % % % % % % % % % : % % % % % % : : : Il^ % % % % : % % % % % % % % % % % # # # # # # # # # # 0           Z2                            #             #                             Z1          0 # # # # # # # # # # ",
 "% % % % % % % % % % % % : % % % % % % % % % % % % % % % : % % % % % % % % % % % # # # # # # # # # # # # # # # # #                             # S S S s S S #                             # # # # # # # # # # # # # # # # # ",
 "% % % % % % % % % % % % : % % % % % % % % % % % % % % % : % % % % % % % % % % % # # # # # # # # # # 0         0 #                                                                         # 0         0 # # # # # # # # # # ",
 "% % % % % % % % % % % % : % % % % % % % % % % % % % % % : % % % % % % % % % % % # # # # # # # # # #             #                                                                         #             # # # # # # # # # # ",
 "% % % % % % % % % % % % : : : : : : : % % % % % % % % % : % % % % % % % % % % % # # # # # # # # # #             #                                                         T T             #             # # # # # # # # # # ",
 "% % % % % % % % % % % % % % % % % % Jrv % % % % % % % % : % % % % % % % % % % % # # # # # # # # # #             #                                                         T T             #             # # # # # # # # # # ",
 "% % % % % % % % % % % % % % % % % % % % % % % % % % % % : % % % % % % % % % % % # # # # # # # # # #             W3                      # #                                               W4            # # # # # # # # # # ",
 "% % % % % % % % % % % % % X X X X X X % % % % % v % % % : % % % % % % % % % % % # # # # # # # # # #             #                       # #                                               #             # # # # # # # # # # ",
 "% % % % % % % % % % % % % X X X X X X % % % : : Js% % % : % % % % % % % % % % % # # # # # # # # # # 0           V3                                          # #                           V4          0 # # # # # # # # # # ",
 "% % % % % % % % % % % % % X X X X X X % % % : % X X : : : % % % % % % % % % % % # # # # # # # # # # # # # # # # #                                           # #                           # # # # # # # # # # # # # # # # # ",
 "% % % % % % % % % % % % % X X X X X X % % % : % X X : % ^ % % % % % % % % % % % # # # # # # # # # #                                                                                                     # # # # # # # # # # ",
 "% % % % % % % % % % % % % % % % % % % % % % : % % % : % In% % % % % % % % % % % # # # # # # # # # #                                                                                                     # # # # # # # # # # ",
 "% % % % % % % % % % % % % % % % : : : : : : : % % % : % : % % % % % % % % % % % # # # # # # # # # #                                                                                                     # # # # # # # # # # ",
 "% % % % % % % % % % % % ^ Im: : : % % % % % % % % % : : : % % % % % % % % % % % # # # # # # # # # #                         # #                                                                 # #     # # # # # # # # # # ",
 "% % % % % % % % % % % % % % % % % % % % % % % % % % % % % % % % % % % % % % % % # # # # # # # # # #                         # #                                                                 # #     # # # # # # # # # # ",
 "% % % % % % % % % % % % % % % % % % % % % % % % % % % % % % % % % % % % % % % % # # # # # # # # # #                                                                                                     # # # # # # # # # # ",
 "% % % % % % % % % % % % % % % % % % % % % % % % % % % % % % % % % % % % % % % % # # # # # # # # # #                                                                           # #                       # # # # # # # # # # ",
 "% % % % % % % % % % % % % % % % % % % % % % % % % % % % % % % % % % % % % % % % # # # # # # # # # #                                                 @   t                     # #                       # # # # # # # # # # ",
 "% % % % % % % % % % % % % % % % % % % % % % % % % % % % % % % % % % % % % % % % # # # # # # # # # #                                                                                                     # # # # # # # # # # ",
 "% % % % % % % % % % % % % % % % % % % % % % % % % % % % % % % % % % % % % % % % # # # # # # # # # #                                                                                                     # # # # # # # # # # ",
 "% % % % % % % % % % % % % % % % % % % % % % % % % % % % % % % % % % % % % % % % # # # # # # # # # #           T T                                                                                       # # # # # # # # # # ",
 "* * * * * * * * * * * * * * * * * * * * * * * * * * * * * * * * * * * * * * * * # # # # # # # # # #           T T                                                                         T T           # # # # # # # # # # ",
 "* * * * * * * * * * * * * * * * * * * * * * * * * * * * * * * * * * * * * * * * # # # # # # # # # #                                                                                       T T           # # # # # # # # # # ",
 "* * * * * * * * * * * * * * * * * * * * * * * * * * * * * * * * * * * * * * * * # # # # # # # # # #                                                                                                     # # # # # # # # # # ",
 "* * * * * * * * * * * * * * * * * * * * * * * * * * * * * * * * * * * * * * * * # # # # # # # # # #                                                                                                     # # # # # # # # # # ",
 "* * * * * * * * * * * * * * * * * * * * * * * * * * * * * * * * * * * * * * * * # # # # # # # # # #                                                                                                     # # # # # # # # # # ",
 "* * * * * * * * * * * * * * * * * * * * * * * * * * * * * * * * * * * * * * * * # # # # # # # # # #                                                                                                     # # # # # # # # # # ",
 "* * * * * * * * * * * * * * * * * * * * * * * * * * * * * * * * * * * * * * * * # # # # # # # # # #                               T T       w   w w w                                           # #     # # # # # # # # # # ",
 "* * * * * * * * * * * * * * * * * * * * * * ~ ~ ~ ~ ~ ~ * * * * * * * * * * * * # # # # # # # # # #     # #                       T T w w w w   w w w w w w     w w w w                         # #     # # # # # # # # # # ",
 "* * * * * * * * * * * v * * * * * * * * * * ~ * * * * Luv * * * * * * * * * * * # # # # # # # # # #     # #                       w w w w         w w w w w w w w w w w w w w                           # # # # # # # # # # ",
 "* * * * * * * * * * * Lt* * ^ * * * * * * * ~ * ^ * * * * * * * * * * * * * * * # # # # # # # # # #                           w w w                     w w w w w   # # w w w w w w                     # # # # # # # # # # ",
 "* * * * * * * * * * * ~ * * Ko~ ~ ~ ~ * * * ~ ~ Kp* * * * * * * * * * * * * * * # # # # # # # # # #                       w w w w                                   # #     w w w w w w w w             # # # # # # # # # # ",
 "* * * * * * * * * * * ~ * * * * * * ~ * * * * * * * ~ ~ Kq* * * * * * * * * * * # # # # # # # # # #                   w w w w                                                   w w w w w w w w w w     # # # # # # # # # # ",
 "* * * * * * * * * * * ~ * * * * * * ~ ~ Lvv * * * * ~ * ^ * * * * * * * * * * * # # # # # # # # # #               w w w # #                                                           w w w w w w w w w # # # # # # # # # # ",
 "* * * * * * * * * * * ~ ~ * * * * * * * * * * * * * ~ * * * * * * * * * * * * * # # # # # # # # # #           w w w w   # #                                                                 w w w w w w w w w # # # # # # # ",
 "* * * * * * * * * * * * ~ ~ ~ * * Ly~ ~ ~ ~ y2~ * * ~ * * * * * * * * * * * * * # # # # # # # # # #         w w w                                                                               # # w w w w w # # # # # # # ",
 "* * * * * * * * * * * * * * ~ ~ * v * * * ~ ~ ~ * * ~ * * * * * * * * * * * * * # # # # # # # # # #   w w w w                                                                                   # #     w w w w w # # # # # ",
 "* * * * * * * * * * * * * * * ~ * * * * * ~ o ~ * * ~ * * * * * * * * * * * * * # # # # # # # # # # w w w w w                                                                                           # # w w w # # # # # ",
 "* * * * * * * * * * * * * * * ~ * * * * * * * * * * ~ * * * * * * * * * * * * * # # # # # # # # w w w                                                                                                   # # # w w w # # # # ",
 "* * * * * * * * * * * ~ ~ ~ ~ ~ * ^ Kr~ ~ ~ ~ ~ ~ ~ ~ * * * * * * * * * * * * * # # # # # # # w w w                                     # # T # # # # # # # # # # # # # # T # # # # #                   # # # # w w # # # # ",
 "* * * * * * * * * * * ~ * * * * * * * * * * * * * * * * * * * * * * * * * * * * # # # # # # # w w w                                     # # T # # # # # # # # # # # # # # T # # # # #                   # # # # w w w # # # ",
 "* * * * * * * * * * * ~ * ~ ~ ~ ~ ~ ~ * * ~ ~ ~ ~ * * * * * * * * * * * * * * * # # # # # # w w w #                                     # # T T # # # # # # # # # # # # # T # # # # #     T T           # # # # # w w # # # ",
 "* * * * * * * * * * * ~ * ~ ~ ~ ~ ~ ~ ~ ~ ~ * * Ks^ * * * * * * * * * * * * * * # # # # # # w w w #                                     # # # T # # # # # # # # # T T T X X X # # # #     T T           # # # # # w w w # # ",
 "* * * * * * * * * * * ~ * ~ ~ o ~ ~ ~ * * * * * X X * * * * * * * * * * * * * * # # # # # w w # # #                                     # # # T # # # # # # # # # T # # X X X # # # #                   # # # # # # w w # # ",
 "* * * * * * * * * * * Lw* ~ ~ ~ ~ ~ ~ * * * * * X X * * * * * * * * * * * * * * # # # # # w w # # #                                     # # # T R R DaT T T # # # T # # X X X # # # #                   # # # # # # w w # # ",
 "* * * * * * * * * * * v * * * ~ * * * * * * * * * * * * * * * * * * * * * * * * # # # # # w w # # #                                     # # # # R # # # # T T T T T # # T # # # # # #                   # # # # # # # w w # ",
 "* * * * * * * * * * * * * * * ~ ~ ~ ~ Lxv * * * * * * * * * * * * * * * * * * * # # # # # w w # # #                                     # # # # R # # # # # # # # # # # T # # # # # #                   # # # # # # # w w # ",
 "* * * * * * * * * * * * * * * * * * * * * * * * * * * * * * * * * * * * * * * * # # # # # w w # # #                                     # T T T R R R R # # # # # # # # T T T # # # #                   # # # # # # # # w w ",
 "* * * * * * * * * * * * * * * * * * * * * * * * * * * * * * * * * * * * * * * * # # # # w w # # # #                                     T T # # # # # R T T T # # # T T T # T T # # #                   # # # # # # # # w w ",
 "* * * * * * * * * * * * * * * * * * * * * * * * * * * * * * * * * * * * * * * * # # # # w w # # # #         T T                         # # # # # # # R # # T T # # T # # # # T T # #         T T       # # # # # # # # # w ",
 "* * * * * * * * * * * * * * * * * * * * * * * * * * * * * * * * * * * * * * * * # # # # w w # # # #         T T                         # # # # # # # R # # # T T T T # # # # # T # #         T T       # # # # # # # # # w ",
 "* * * * * * * * * * * * * * * * * * * * * * * * * * * * * * * * * * * * * * * * # # # # w w # # # #                                     # # # # # # # R # # # # # # T T # # # # T T #                   # # # # # # # # # # ",
 "* * * * * * * * * * * * * * * * * * * * * * * * * * * * * * * * * * * * * * * * # # # # # w # # # #                                     R R R R R R R R # # # # # # # T # # # # # T T                   # # # # # # # # # # ",
 "* * * * * * * * * * * * * * * * * * * * * * * * * * * * * * * * * * * * * * * * # # # # # w w # # #                                     # # # # # # # # # # # # # # # T T # # # # # #                   # # # # # # # # # # ",
 "* * * * * * * * * * * * * * * * * * * * * * * * * * * * * * * * * * * * * * * * # # # # w w w # # #                   # #               # # # # # # # # # # # # # # # # T # # # # # #                   # # # # # # # # # # ",
 "* * * * * * * * * * * * * * * * * * * * * * * * * * * ^ * * * * * * * * * * * * # # # w w w # # # #                   # #               # # # # # # # # # # # # # # # X X # # # # # #                   # # # # # # # # # # ",
 "* * * * * * * * * * * _ _ _ _ _ _ _ _ _ _ _ _ * * * * Mu* * * * * * * * * * * * # # # w w w # # # #                                     # # T T T T T T T T # # # T T X X T T # # # #                   # # # # # # # # # # ",
 "* * * * * * * * * * * Mt* * * * * * * * * * _ _ _ _ _ _ * * * * * * * * * * * * # # w w w # # # # #                                     # # T # # # # # # T # # T T # # # # T # # # #                   # # # # # # # # # # ",
 "* * * * * * * * * * * ^ * * * * * * * * * * * * * * * * * * * * * * * * * * * * # # w w w # # # # #                                     T T T # # # # # # T T T T # # # # # T T # # #                   # # # # # # # # # # ",
 "* * * * * * * * * * * * * * * * * * * * * * * * * * * * * * * * * * * * * * * * w w w w w # # # # #                                     # # # # # # # # # # T # # # # # # # # T # # #           # #     # # # # # # # # # # ",
 "* * * * * * * * * * * * * * * * * * * ^ Mv_ _ * * * * * * * * * * * * * * * * * w w w # # # # # # #                                     # # # # # # # # # # T # # # # # # # # T # # #           # #     # # # # # # # # # # ",
 "* * * * * * * * * * * * * * * * * ^ * * * * _ _ _ * * * * * * * * * * * * w w w w w w # # # # # # #                                                                                                     # # # # # # # # # # ",
 "* * * * * * * * * * * * * * * * * My* * * * * * _ * * * * * * * * * w w w w w w w # # # # # # # # #                                                                                                     # # # # # # # # # # ",
 "* * * * * * * * * * * * * * * * * _ * * * * * * _ * * * * * * w w w w w w w w * # # # # # # # # # #                                                                                                     # # # # # # # # # # ",
 "* * * * * * * * * * c _ _ _ _ _ _ _ _ _ * * * * _ * * * * w w w w w w w w * * * # # # # # # # # # #                                                         # #                                         # # # # # # # # # # ",
 "* * * * * * w w w w w w w w w w w w w O _ _ _ _ _ _ c w w w w w w * * * * * * * # # # # # # # # # #                                                         # #             T T                         # # # # # # # # # # ",
 "* * * w w w w w w w w w w w w w w w w w w w w w w w w w w w w w w * * * * * * * # # # # # # # # # #                                                                         T T                         # # # # # # # # # # ",
 "* w w w w * * * * * w w w w w w w w w w w w w w w w w w w w * * * * * * * * * * # # # # # # # # # #                                                                                                     # # # # # # # # # # ",
 "w w w * * * * * * * c _ _ _ _ _ w w w w w w w w w w w w * * * * * * * * * * * * # # # # # # # # # #         # #                             T T                                                         # # # # # # # # # # ",
 "w w w * * * * * * * * * * * _ _ _ _ _ _ _ c * * * * * * * * * * * * * * * * * * # # # # # # # # # #         # #                             T T                                                         # # # # # # # # # # ",
 "* * * * * * * * * * * ^ * * _ * * * * * * * * * _ z1* * * * * * * * * * * * * * # # # # # # # # # #                                                                                         # #         # # # # # # # # # # ",
 "* * * * * * * * * * * Mw_ _ _ * * * * * * * * * _ _ * * * * * * * * * * * * * * # # # # # # # # # #                                                                                         # #         # # # # # # # # # # ",
 "* * * * * * * * * * * * * * * * * * * * * * * * _ * * * * * * * * * * * * * * * # # # # # # # # # #                                                                                                     # # # # # # # # # # ",
 "* * * * * * * * * * * * * * * * * * ^ Mx_ _ _ _ _ * * * * * * * * * * * * * * * # # # # # # # # # #                                                                                                     # # # # # # # # # # ",
 "* * * * * * * * * * * * * * * * * * * * * * * * * * * * * * * * * * * * * * * * # # # # # # # # # #                                                                                                     # # # # # # # # # # ",
 "* * * * * * * * * * * * * * * * * * * * * * * * * * * * * * * * * * * * * * * * # # # # # # # # # # # # # # # # # # # # # # # # # # # # # # # # # # # # # # # # # # # # # # # # # # # # # # # # # # # # # # # # # # # # # # ",
 "* * * * * * * * * * * * * * * * * * * * * * * * * * * * * * * * * * * * * * * * # # # # # # # # # # # # # # # # # # # # # # # # # # # # # # # # # # # # # # # # # # # # # # # # # # # # # # # # # # # # # # # # # # # # # # ",
 "* * * * * * * * * * * * * * * * * * * * * * * * * * * * * * * * * * * * * * * * # # # # # # # # # # # # # # # # # # # # # # # # # # # # # # # # # # # # # # # # # # # # # # # # # # # # # # # # # # # # # # # # # # # # # # ",
 "* * * * * * * * * * * * * * * * * * * * * * * * * * * * * * * * * * * * * * * * # # # # # # # # # # # # # # # # # # # # # # # # # # # # # # # # # # # # # # # # # # # # # # # # # # # # # # # # # # # # # # # # # # # # # # ",
 "* * * * * * * * * * * * * * * * * * * * * * * * * * * * * * * * * * * * * * * * # # # # # # # # # # # # # # # # # # # # # # # # # # # # # # # # # # # # # # # # # # # # # # # # # # # # # # # # # # # # # # # # # # # # # # ",
 "* * * * * * * * * * * * * * * * * * * * * * * * * * * * * * * * * * * * * * * * # # # # # # # # # # # # # # # # # # # # # # # # # # # # # # # # # # # # # # # # # # # # # # # # # # # # # # # # # # # # # # # # # # # # # # ",
 "* * * * * * * * * * * * * * * * * * * * * * * * * * * * * * * * * * * * * * * * # # # # # # # # # # # # # # # # # # # # # # # # # # # # # # # # # # # # # # # # # # # # # # # # # # # # # # # # # # # # # # # # # # # # # # "})

wo:add({"ot_counter", "CoinCounter", state = 0, target = "CoinDoor", action_5 = "open", action_4 = "close"})
wo:shuffleOxyd()
no["oxyd#*"][1]:peepall()
 ]]></el:luamain>
    <el:i18n>
      <el:string el:key="title">
        <el:english el:translate="false"/>
      </el:string>
    </el:i18n>
  </el:protected>
</el:level>
