<?xml version="1.0" encoding="UTF-8" standalone="no" ?>
<el:level xmlns:xsi="http://www.w3.org/2001/XMLSchema-instance" xsi:schemaLocation="http://enigma-game.org/schema/level/1 level.xsd" xmlns:el="http://enigma-game.org/schema/level/1">
  <el:protected >
    <el:info el:type="level">
      <el:identity el:title="The Gordian Knot" el:subtitle="" el:id="20090312ral718"/>
      <el:version el:score="1" el:release="1" el:revision="$Revision: 167 $" el:status="released"/>
      <el:author  el:name="Ronald Lamprecht" el:email="ral@users.berlios.de"/>
      <el:copyright>Copyright © 2009 Ronald Lamprecht</el:copyright>
      <el:license el:type="GPL v2.0 or above" el:open="true"/>
      <el:compatibility el:enigma="1.10">
        <el:dependency el:path="lib/libpuzzle" el:id="lib/libpuzzle" el:release="3" el:preload="true"/>
      </el:compatibility>
      <el:modes el:easy="true" el:single="true" el:network="false"/>
      <el:score el:easy="3:27" el:difficult="3:07"/>
    </el:info>
    <el:luamain><![CDATA[
wo["ConserveLevel"] = true

ti["  "] = {"fl_lawn"}
ti["__"] = {"fl_abyss"}
ti["##"] = {"st_bluesand", cluster=1}
ti["::"] = {"st_grate"}
ti["++"] = {"st_oxyd_a"}
ti["-"] = {"st_puzzle_yellow", intensity=10}

ti["@@"] = {"ac_marble", 0, 0.5}

if wo["IsDifficult"] then
wo(res.puzzle(ti, "-"), "  ", {
--   000102030405060708091011121314151618
    "__##++############################__",
    "####  ##                        ####",
    "++    ##          ::::            ##",
    "##    ++-j-e-h  ::    ::  -a-B-C  ##",
    "##    ##-l-f-c::        ::-D-E-F  ##",
    "##      -k-b-a      @@    -G-H-I  ##",
    "##    ##-g-m-o::        ::-J-K-L  ##",
    "##    ++-d-n-i  ::    ::  -m-N-o  ##",
    "++    ##          ::::            ##",
    "####  ##                        ####",
    "__##++############################__"
})
else
wo(res.puzzle(ti, "-"), "  ", {
--   000102030405060708091011121314151618
    "__##++############################__",
    "####  ##          ::            ####",
    "++    ##            ::            ##",
    "##    ++-j-e-h        ::  -A-B-C  ##",
    "##    ##-l-f-c          ::-d-E-F  ##",
    "##      -k-b-a      @@    -G-H-I  ##",
    "##    ##-g-m-           ::-j-K-L  ##",
    "##    ++-d-n-i        ::  -M-N-o  ##",
    "++    ##            ::            ##",
    "####  ##          ::            ####",
    "__##++############################__"
})
end

wo:shuffleOxyd()

    ]]></el:luamain>
    <el:i18n>
      <el:string el:key="title">
        <el:english el:translate="false"/>
      </el:string>
    </el:i18n>
  </el:protected>
</el:level>
