<?xml version="1.0" encoding="UTF-8" standalone="no" ?>
<el:level xmlns:xsi="http://www.w3.org/2001/XMLSchema-instance" xsi:schemaLocation="http://enigma-game.org/schema/level/1 level.xsd" xmlns:el="http://enigma-game.org/schema/level/1">
  <el:protected>
    <el:info el:type="level">
      <el:identity el:title="- Meditation -" el:subtitle="" el:id="andreas17"/>
      <el:version el:score="1" el:release="2" el:revision="2" el:status="released"/>
      <el:author el:name="Andreas Lochmann" el:email="" el:homepage=""/>
      <el:copyright>Copyright © 2006, 2009 Andreas Lochmann</el:copyright>
      <el:license el:type="GPL v2.0 or above" el:open="true"/>
      <el:compatibility el:enigma="1.10">
      </el:compatibility>
      <el:modes el:easy="false" el:single="true" el:network="false"/>
      <el:comments>
      </el:comments>
      <el:score el:easy="-" el:difficult="01:41"/>
    </el:info>
    <el:luamain><![CDATA[

ti[" "] = {"fl_plank"}
ti["#"] = {"st_concrete"}
ti["m"] = {"it_meditation"}
ti["@"] = {"#ac_pearl"}

wo(ti, " ",
 {"###############################################################################################################################################################################################",
  "#                  #                  #                  #                  #                  #                  #                  #                  #                  #                  #",
  "#                  #                  #                  #                  #                  #                  #                  #                  #                  #                  #",
  "#                  #                  #                  #                  #                  #                  #                  #                  #                  #                  #",
  "#                  #                  #                  #                  #                  #                  #                  #                  #                  #                  #",
  "#    @@@                                                                                                                                                                                      #",
  "#   @@ @@     m                 m                 m                 m                 m                 m                 m                 m                 m                 m             #",
  "#    @@@                                                                                                                                                                                      #",
  "#                  #                  #                  #                  #                  #                  #                  #                  #                  #                  #",
  "#                  #                  #                  #                  #                  #                  #                  #                  #                  #                  #",
  "#                  #                  #                  #                  #                  #                  #                  #                  #                  #                  #",
  "#                  #                  #                  #                  #                  #                  #                  #                  #                  #                  #",
  "###############################################################################################################################################################################################"})

 ]]></el:luamain>
    <el:i18n>
      <el:string el:key="title">
        <el:english el:translate="false"/>
      </el:string>
    </el:i18n>
  </el:protected>
</el:level>
