<?xml version="1.0" encoding="UTF-8" standalone="no" ?>
<el:level xmlns:xsi="http://www.w3.org/2001/XMLSchema-instance" xsi:schemaLocation="http://enigma-game.org/schema/level/1 level.xsd" xmlns:el="http://enigma-game.org/schema/level/1">
  <el:protected>
    <el:info el:type="level">
      <el:identity el:title="Laser Magic" el:subtitle="" el:id="ant30"/>
      <el:version el:score="1" el:release="2" el:revision="1" el:status="released"/>
      <el:author  el:name="Petr Machata" el:email="" el:homepage=""/>
      <el:copyright>Copyright © 2003 Petr Machata</el:copyright>
      <el:license el:type="GPL v2.0 or above" el:open="true"/>
      <el:compatibility el:enigma="1.10" />
      <el:modes el:easy="false" el:single="true" el:network="false"/>
      <el:comments><el:code>New API converted by /dev/null</el:code></el:comments>
      <el:score el:easy="-" el:difficult="-"/>
    </el:info>
    <el:luamain><![CDATA[
wo["ConserveLevel"] = false

ti[" "] = {"fl_bast"}
ti["#"] = {"st_redbrown"}
ti["W"] = {"st_plop"}
ti["c"] = {"it_coin_s"}
ti["|"] = {"st_door", "door", faces = "ew"}
ti["L"] = {"st_laser_w", "laser"}
ti["B"] = {"st_break_oxydc"}
ti["M"] = {"st_coinslot", target = "door"}
ti["N"] = {"st_coinslot", target = "laser"}
ti["d"] = {"it_document", text = "text1"}
ti["o"] = {"st_fake_quake"}
ti["O"] = {"st_oxyd"}
ti["@"] = {"#ac_marble_black"}

wo(ti, " ", {
    "####################",
    "#o #            # O#",
    "#  #            #  #",
    "# d#       W    #  #",
    "#  #            #  #",
    "#  #            #  #",
    "#  | M        N B  #",
    "#  #   @ cc     #  #",
    "#  #            #  #",
    "#  #            #  #",
    "#  #            #  #",
    "#o #            L O#",
    "####################"})
 ]]></el:luamain>
    <el:i18n>
      <el:string el:key="title">
        <el:english el:translate="false"/>
      </el:string>
      <el:string el:key="text1">
        <el:english el:translate="true">Give it another try ...</el:english>
      </el:string> 
    </el:i18n>
  </el:protected>
</el:level>
