<?xml version="1.0" encoding="UTF-8" standalone="no" ?>
<el:level xmlns:xsi="http://www.w3.org/2001/XMLSchema-instance" xsi:schemaLocation="http://enigma-game.org/schema/level/1 level.xsd" xmlns:el="http://enigma-game.org/schema/level/1">
  <el:protected>
    <el:info el:type="level">
      <el:identity el:title="Almost There" el:subtitle="" el:id="duffy89"/>
      <el:version el:score="2" el:release="3" el:revision="3" el:status="released"/>
      <el:author el:name="Jacob Scott" el:email="" el:homepage=""/>
      <el:copyright>Copyright © 2004 Jacob Scott</el:copyright>
      <el:license el:type="GPL v2.0 or above" el:open="true"/>
      <el:compatibility el:enigma="1.10"/>
      <el:modes el:easy="false" el:single="true" el:network="false"/>
      <el:comments>
        <el:code>New API converted by /dev/null, March 2013</el:code>
      </el:comments>
      <el:score el:easy="-" el:difficult="-"/>
    </el:info>
    <el:luamain><![CDATA[
wo["FollowMethod"] = FOLLOW_SCROLL

ti[" "] = {"fl_hay"}
ti["*"] = {"fl_hay", name="home"}
ti["#"] = {"st_greenbrown"}
ti["."] = {"st_greenbrown_hollow"}
ti["I"] = {"st_invisible"}
ti[":"] = ti["."] .. {"fl_ice"}
ti["~"] = ti["."] .. {"fl_space"}
ti["^"] = ti["."] .. {"fl_slope_pn"}
ti[">"] = ti["."] .. {"fl_slope_pe"}
ti["v"] = ti["."] .. {"fl_slope_ps"}
ti["<"] = ti["."] .. {"fl_slope_pw"}
ti["7"] = ti["."] .. {"fl_slope_ise"}
ti["9"] = ti["."] .. {"fl_slope_isw"}
ti["_"] = ti["."] .. {"it_meditation"}
ti["-"] = ti["."] .. {"it_meditation_dent"}
ti[";"] = ti["."] .. {"it_meditation_hill"}
ti[","] = ti["."] .. {"it_meditation_bump"}
ti["1"] = {"it_vortex_open", name="v1", destination="v2"}
ti["2"] = {"it_vortex_open", name="v2", destination="v3"}
ti["3"] = {"it_vortex_open", name="v3", destination="v4"}
ti["4"] = {"it_vortex_open", name="v4", destination="v1"}
ti["H"] = {"it_hammer"}
ti["w"] = {"it_wormhole", destination="home", strength=0.0}
ti["Q"] = {"st_quake"}
ti["O"] = {"st_oxyd"}
ti["@"] = {"ac_marble_black", 0.0, -0.5}

wo(ti, " ", {
    "#######################################################################################################################",
    "#################### O              O #################################################################################",
    "####.............###      Q           #.......................................................#########################",
    "####.............###              O   ........................................................#########################",
    "####.............###          O       #.......................................................#########################",
    "####vvv##...##...###                  ######################...############################...#########################",
    "####vvv##...##...###        *         #....................#...#........................._#...#########################",
    "####vvv##...##...###O        @        #....................#...#........................._#...#########################",
    "####vvv##...##...###                II#....................#...#........................._#...#########################",
    "####vvv#.....#...###    O           IO...###############...#...#...########################...#########################",
    "####vvv#.###.#...###                II####..._;_;_;_;_;_...#...#........;_;_;_;_;_;_;_........#########################",
    "####vvv#.#...#...###      Q      O    ####...;_;_;_;_;_;...#...#........_;_;_;_;_;_;_;........#########################",
    "####vvv#.#.###...#########.###############..._;_;_;_;_;_...#...#........;_;_;_;_;_;_;_........#########################",
    "####vvv#.#...#...#.................>>:::##-,-###############...########################################################",
    "####vvv###.#.#...#.................>>:::##,-,#..............~~~###.........---................############2############",
    "####vvv#...#.#...#.................>>:::##-,-#..............~~~###.........---................#########################",
    "####vvv#.###.#...###############...##:::##,-,#..............~~~###.........---................#########################",
    "####vvv#...#.#.................#...##:::##-,-#;;;###########...###...#################...##...#########################",
    "####vvv#####.#.................#...##:::##,-,#;;;###########...###..................##...##...#########################",
    "####vvv#.....#.................#...##:::##-,-#;;;##7>>>>>v9#...###..................##...##...#########################",
    "####vvv#.###.###############^^^#...##:::##,-,#;;;##^7>>>>9v#...###..................##...##...#########################",
    "####vvv#.###...............#^^^#...##:::##-,-#;;;##^^7>>9vv#...#########...######...##...##...#########################",
    "####vvv#.###...............#^^^#...##:::##,-,#...##^^^##vvv#...........#...#...##...##...##...#########################",
    "####...#~###...............#^^^#...#######-,-#___##^^^##vvv#...........#...#...##...##...##...#########################",
    "####...#~###################^^^#...>>>._;_...#___##^^^##...#...........#...#...##...##...##...#########################",
    "####...#.#####.............#^^^#...>>>.;_;...#___##^^^##...#...#####...#...#...##...##...##...#########################",
    "########.#####.#############^^^#...>>>._;_...#___##^^^##...#.......#...#...#...##...##...##...############4############",
    "########.#.....#############^^^###############___##^^^##############...#...#...##...##...##...#########################",
    "###......#.###.###...<<<<<<<...>>>>>>>>>>>>>>>...##....................#...#...##...##...##...#########################",
    "########.#.###.###...<<<<<<<...>>>>>>>>>>>>>>>...##....................#...#...#######...##...#########################",
    "###...##:#.###.###...<<<<<<<...>>>>>>>>>>>>>>>...##....................#...#.............##...#########################",
    "###.#.##:#.###.###...#########################...#######################...#.............##...#########################",
    "###.#.##:#.###.###...#.......................#..........~~~~~~~~~..........#.............##...#########################",
    "###.#.##:..###.###...#.......................#..........~~~~~~~~~..........################...#########################",
    "###.#.##:#####.###...#.......................#..........~~~~~~~~~..........#..............#...#########################",
    "###.#.##:#.....###...#...#################...###############################..............#...#########################",
    "###.#.##:#.#######...#...#...............~~~~<<<<<<<.........#:<<<<<<<<<<<9#..............#...#########################",
    "###.#.##.#.###...#...#,,,#...............~~~~<<<<<<<.........#:<<<<<<<<<<9^############.......#########################",
    "###.#.##.#.....#.#...#,,,#...............~~~~<<<<<<<.........#:<<<<<<<<<9^^############.......#########################",
    "###.#.##########.#~~~#,,,#...#############################...###########^^^############.......#########################",
    "###.#............#~~~#...#...-,-,-##.._;-,.Hw#......#...##....---......_____......#########vvv#########################",
    "###1#.##########.#~~~#...#...,-,-,##.#########......#...##....---......_____......#>>>....#vvv#########################",
    "#####.....##.....#...#...#...-,-,-##.#########......#...##....---......_____......#>>>....#vvv#########################",
    "###3#####.##.#####...#...###########.#...........####...#######################...#>>>....#vvv#########################",
    "###.#.....##.....#...#---#.....#.....#...........####........................##...#####...#vvv#########################",
    "###.#.##########.#...#---#.#.#...#####...........####........................##...#####...#vvv#########################",
    "###.#.....##.....#...#---#.#######.#.#...############........................##...#.......#...#########################",
    "###.#####.##.#####...#...#...........#...#..........#...##########...#####:::##...#.......#...#########################",
    "###.#.....##.....#...#...###########.#...#..........#...##########...#...#:::##...#.......#^^^#########################",
    "###.#.##########.#...#...............#...#..........#...#............#...#:::##...#...#####^^^#########################",
    "###.#.....##.....#...#################...########...#...#............#...#:::##.......<<<<#^^^#########################",
    "###.#####.##.#####.........>>>>>....................#...#............#...#:::##.......<<<<#...#########################",
    "###.#.....##.....#.........>>>>>....................#...#...######...#...#:::##.......<<<<#...#########################",
    "###.##############.........>>>>>....................#...#...######...#...#:::######...#####vvv#########################",
    "###.>>>>>>>>>>>>_#####################################.##...######...#...#:::######...#####vvv#########################",
    "###.##############.......#.#...#.......#.#.......#...#.##...##########...##########...#####vvv#########################",
    "###....>>>>>...._..###.#.#...#...#####.....#######.#.#.##...................._;_;.........#...#########################",
    "###....>>>>>...._..#.#.###.#######.#.#.#.###...#...#.#.##....................;_;_.........#...#########################",
    "###....>>>>>...._....#.............#...#.....#...#.#...##...................._;_;.........#...#########################",
    "#######################################################################################################################",
    "#######################################################################################################################",
    "#######################################################################################################################",
    "#######################################################################################################################",
    "#######################################################################################################################",
    "#######################################################################################################################",
    "#######################################################################################################################",
    "#######################################################################################################################",
    "#######################################################################################################################",
    "#######################################################################################################################",
    "#######################################################################################################################",
    "#######################################################################################################################",
    "#######################################################################################################################",
    "#######################################################################################################################",
    "#######################################################################################################################"})

wo:shuffleOxyd()
 ]]></el:luamain>
    <el:i18n>
      <el:string el:key="title">
        <el:english el:translate="false"/>
      </el:string>
    </el:i18n>
  </el:protected>
</el:level>
