<?xml version="1.0" encoding="UTF-8" standalone="no" ?>
<el:level xmlns:xsi="http://www.w3.org/2001/XMLSchema-instance" xsi:schemaLocation="http://enigma-game.org/schema/level/1 level.xsd" xmlns:el="http://enigma-game.org/schema/level/1">
  <el:protected>
    <el:info el:type="level">
      <el:identity el:title="Path in the Stars" el:subtitle="" el:id="duffy80"/>
      <el:version el:score="2" el:release="2" el:revision="3" el:status="released"/>
      <el:author  el:name="Jacob Scott" el:email="" el:homepage=""/>
      <el:copyright>Copyright © 2004 Jacob Scott</el:copyright>
      <el:license el:type="GPL v2.0 or above" el:open="true"/>
      <el:compatibility el:enigma="1.10"/>
      <el:modes el:easy="true" el:single="true" el:network="false"/>
      <el:comments><el:code>New API converted by /dev/null, R. Bourquin</el:code></el:comments>
      <el:score el:easy="-" el:difficult="-"/>
    </el:info>
    <el:luamain><![CDATA[
ti[" "] = {"fl_abyss"}
ti["+"] = {"fl_space"}
ti["="] = {"fl_bluegreen"}
ti["H"] = {"st_invisible"}
if wo["IsDifficult"] then
    ti["f"] = ti["="]
else
    ti["f"] = ti["="] .. {"it_flag_black"}
end
ti["O"] = {"st_oxyd"}
ti["@"] = ti["="] .. {"#ac_marble_black"}

wo(ti, " ", {
    "                    ",
    "    =+++++++=   =+= ",
    "    +       +   + + ",
    " =+++++++=  =+  + = ",
    " +  +    +   ++H+ O ",
    " =++= =+++++= +++   ",
    "      +  +  +  =++= ",
    "  O@f+++++++=   + + ",
    "      +  +      + + ",
    " =+++++++= =++++++= ",
    " +    +    +    +   ",
    " =++++=    =++++=   ",
    "                    "})
 ]]></el:luamain>
    <el:i18n>
      <el:string el:key="title">
        <el:english el:translate="false"/>
      </el:string>
    </el:i18n>
  </el:protected>
</el:level>
