<?xml version="1.0" encoding="UTF-8" standalone="no" ?>
<el:level xmlns:xsi="http://www.w3.org/2001/XMLSchema-instance" xsi:schemaLocation="http://enigma-game.org/schema/level/1 level.xsd" xmlns:el="http://enigma-game.org/schema/level/1">
  <el:protected>
    <el:info el:type="level">
      <el:identity el:title="Oxyd Labyrinth" el:subtitle="" el:id="martin87"/>
      <el:version el:score="1" el:release="2" el:revision="2" el:status="released"/>
      <el:author  el:name="Martin Hawlisch" el:email="" el:homepage=""/>
      <el:copyright>Copyright © 2003 Martin Hawlisch</el:copyright>
      <el:license el:type="GPL version 2" el:open="true"/>
      <el:compatibility el:enigma="1.10"/>
      <el:modes el:easy="false" el:single="true" el:network="false"/>
      <el:comments><el:code>New API converted by R. Bourquin</el:code></el:comments>
      <el:score el:easy="-" el:difficult="-"/>
    </el:info>
    <el:luamain><![CDATA[
ti[" "] = {"fl_himalaya"}
ti["#"] = {"st_fake_oxyda"}
ti["+"] = {"st_shogun_s"}
ti["O"] = {"st_oxyd", flavor="d"}
ti["@"] = {"#ac_marble_black"}
ti["door"] = {"st_door", flavor="a", name="door%%"}
ti["dot"] = {"it_shogun", target="door%%"}
ti["E"] = {"st_door", flavor="a", state=OPEN, name="door%5"}
ti["e"] = ti["+"] .. {"it_shogun", target="door%5"}

local resolver = res.autotile(ti, {"A", "F", "door"}, {"a", "f", "dot"})

wo(resolver, " ", {
    "####################",
    "#OOOOO#     #   #a #",
    "#     F ## ##  +bcd#",
    "#OOOOO###  #  + #ef#",
    "#######   ## ##+# ##",
    "#     C   #   +  + #",
    "# #  ######   #    #",
    "#  ####   #######@ #",
    "#  #  # #       #E##",
    "# ##  B #  ######  #",
    "#A#  ####D##    ## #",
    "#    #        #    #",
    "####################"})

wo:shuffleOxyd()
 ]]></el:luamain>
    <el:i18n>
      <el:string el:key="title">
        <el:english el:translate="false"/>
      </el:string>
    </el:i18n>
  </el:protected>
</el:level>
