<?xml version="1.0" encoding="UTF-8" standalone="no" ?>
<el:level xmlns:xsi="http://www.w3.org/2001/XMLSchema-instance" xsi:schemaLocation="http://enigma-game.org/schema/level/1 level.xsd" xmlns:el="http://enigma-game.org/schema/level/1">
  <el:protected>
    <el:info el:type="level">
      <el:identity el:title="Round Trip" el:subtitle="" el:id="martin35"/>
      <el:version el:score="2" el:release="2" el:revision="2" el:status="released"/>
      <el:author  el:name="Martin Hawlisch" el:email="" el:homepage=""/>
      <el:copyright>Copyright © 2003 Martin Hawlisch</el:copyright>
      <el:license el:type="GPL version 2" el:open="true"/>
      <el:compatibility el:enigma="1.10"/>
      <el:modes el:easy="false" el:single="true" el:network="false"/>
      <el:comments><el:code>New API converted by R. Bourquin</el:code></el:comments>
      <el:score el:easy="-" el:difficult="-"/>
    </el:info>
    <el:luamain><![CDATA[
ti[" "] = {"fl_abyss"}
ti["^"] = {"fl_slope_pn"}
ti[">"] = {"fl_slope_pe"}
ti["V"] = {"fl_slope_ps"}
ti["<"] = {"fl_slope_pw"}
ti["1"] = {"fl_slope_isw"}
ti["3"] = {"fl_slope_ise"}
ti["7"] = {"fl_slope_inw"}
ti["9"] = {"fl_slope_ine"}
ti["#"] = {"st_brick"}
ti["O"] = {"st_oxyd", name="outer#"}
ti["o"] = {"st_oxyd", name="inner#"}
ti["@"] = ti["^"] .. {"ac_marble_black", 0.5, 0.0}

wo(ti, " ", {
    "###O############O###",
    "#3>>>>>>>><<<<<<<<1#",
    "#V#o############o#V#",
    "OVo              oVO",
    "#V#              #V#",
    "#V#              #V#",
    "#^#              #^#",
    "#^#              #^#",
    "#^#              #^#",
    "O^o              o^O",
    "#@#o############o#^#",
    "#9>>>>>>>><<<<<<<<7#",
    "###O############O###"})

wo:shuffleOxyd({no["outer#*"]:sort("circular"), circular=true}, {no["inner#*"]:sort("circular"), circular=true}, {no["outer#*"], no["inner#*"], min=4})
 ]]></el:luamain>
    <el:i18n>
      <el:string el:key="title">
        <el:english el:translate="false"/>
      </el:string>
    </el:i18n>
  </el:protected>
</el:level>
