<?xml version="1.0" encoding="UTF-8" standalone="no" ?>
<el:level xmlns:xsi="http://www.w3.org/2001/XMLSchema-instance" xsi:schemaLocation="http://enigma-game.org/schema/level/1 level.xsd" xmlns:el="http://enigma-game.org/schema/level/1">
  <el:protected>
    <el:info el:type="level">
      <el:identity el:title="Back And Forth" el:subtitle="" el:id="martin26"/>
      <el:version el:score="2" el:release="3" el:revision="3" el:status="released"/>
      <el:author  el:name="Martin Hawlisch" el:email="" el:homepage=""/>
      <el:copyright>Copyright © 2003 Martin Hawlisch</el:copyright>
      <el:license el:type="GPL version 2" el:open="true"/>
      <el:compatibility el:enigma="1.10"/>
      <el:modes el:easy="false" el:single="true" el:network="false"/>
      <el:comments><el:code>New API converted by R. Bourquin</el:code></el:comments>
      <el:score el:easy="-" el:difficult="-"/>
    </el:info>
    <el:luamain><![CDATA[
ti[" "] = ti({"fl_bluegreen", checkerboard=0}) .. {"fl_aquamarine", checkerboard=1}
ti["#"] = {"st_greenbrown"}
ti["X"] = {"st_grate", flavor="cross"}
ti[">"] = {"st_oneway", color=BLACK, orientation=EAST}
ti["V"] = {"st_boulder", orientation=SOUTH}
ti["x"] = ti["X"] .. {"it_magicwand"}
ti["O"] = {"st_oxyd", name="oxyd#"}
ti["@"] = {"ac_marble_black"}

wo(ti, " ", {
    "####################",
    "#                  #",
    "#  @               #",
    "#                  #",
    "#                  #",
    "# ##################",
    "# > > > > > > > >  #",
    "#O#O#O#O#O#O#O#O#  #",
    "# # # # # # # # #  #",
    "# # # # # # # # #  #",
    "# # # # # # # # #  #",
    "# # # # # # # # #  #",
    "# # # # # # # # #  #",
    "# # # # # # # # #  #",
    "# # # # # # # # #  #",
    "# # # # # # # # #  #",
    "# # # # # # # # #  #",
    "#V#V#V#V#V#V#V#V#  #",
    "#xXXXXXXXXXXXXXXXXX#",
    "#                  #",
    "#                  #",
    "#                  #",
    "#                  #",
    "#                  #",
    "####################"})

wo:shuffleOxyd({no["oxyd#*"]:sort("linear"), linear=true})
 ]]></el:luamain>
    <el:i18n>
      <el:string el:key="title">
        <el:english el:translate="false"/>
      </el:string>
    </el:i18n>
  </el:protected>
</el:level>
