<?xml version="1.0" encoding="UTF-8" standalone="no" ?>
<el:level xmlns:xsi="http://www.w3.org/2001/XMLSchema-instance" xsi:schemaLocation="http://enigma-game.org/schema/level/1 level.xsd" xmlns:el="http://enigma-game.org/schema/level/1">
  <el:protected>
    <el:info el:type="level">
      <el:identity el:title="When Gravity Fails" el:subtitle="" el:id="nat10"/>
      <el:version el:score="1" el:release="2" el:revision="1" el:status="released"/>
      <el:author  el:name="Nat Pryce" el:email="" el:homepage=""/>
      <el:copyright>Copyright © 2003 Nat Pryce</el:copyright>
      <el:license el:type="GPL v2.0 or above" el:open="true"/>
      <el:compatibility el:enigma="1.10">
        <el:dependency el:path="lib/libmaze" el:id="lib/libmaze" el:release="2" el:preload="true"/>
      </el:compatibility>
      <el:modes el:easy="false" el:single="true" el:network="false"/>
      <el:comments><el:code>New API converted by R. Bourquin</el:code></el:comments>
      <el:score el:easy="-" el:difficult="-"/>
    </el:info>
    <el:luamain><![CDATA[
ti[" "] = {"fl_abyss"}
ti["-"] = {"fl_samba"}
ti["_"] = {"st_nil"}
ti["."] = ti["-"]
ti["#"] = {"st_metal"}
ti["X"] = {"st_grate_cross"}
ti["O"] = {"st_oxyd"}
ti["@"] = {"#ac_marble_black"}

maze = res.maze(ti, {area={".","@"}, render={{"_", "-"}, "#", "-"}})

wo(maze, "-", {
    "     #############################     ",
    "     #@..........................#     ",
    " --- #...........................# --- ",
    " -O--X...........................X--O- ",
    " --- #...........................# --- ",
    "     #...........................#     ",
    "     #...........................#     ",
    "     #...........................#     ",
    " --- #...........................# --- ",
    " -O--X...........................X--O- ",
    " --- #...........................# --- ",
    "     #...........................#     ",
    "     #...........................#     ",
    "     #...........................#     ",
    " --- #...........................# --- ",
    " -O--X...........................X--O- ",
    " --- #...........................# --- ",
    "     #...........................#     ",
    "     #...........................#     ",
    "     #...........................#     ",
    " --- #...........................# --- ",
    " -O--X...........................X--O- ",
    " --- #...........................# --- ",
    "     #...........................#     ",
    "     #############################     "})

wo:shuffleOxyd()

local interval = 0.1
local duration = 60.0
local delta = 2.0*math.pi*interval/duration
local gravity = 20.0
local theta = math.pi/2.0

wo:add({"ot_timer", interval=interval, target="spin_gravity"})

function spin_gravity()
    theta = theta+delta
    wo["GlobalForce"] = po(gravity*math.cos(theta), gravity*math.sin(theta))
end
 ]]></el:luamain>
    <el:i18n>
      <el:string el:key="title">
        <el:english el:translate="false"/>
      </el:string>
    </el:i18n>
  </el:protected>
</el:level>
