<?xml version="1.0" encoding="UTF-8" standalone="no" ?>
<el:level xmlns:xsi="http://www.w3.org/2001/XMLSchema-instance" xsi:schemaLocation="http://enigma-game.org/schema/level/1 level.xsd" xmlns:el="http://enigma-game.org/schema/level/1">
  <el:protected>
    <el:info el:type="level">
      <el:identity el:title="Gopher It" el:subtitle="" el:id="natmaze3"/>
      <el:version el:score="1" el:release="2" el:revision="1" el:status="released"/>
      <el:author  el:name="Nat Pryce" el:email="" el:homepage=""/>
      <el:copyright>Copyright © 2002 Nat Pryce</el:copyright>
      <el:license el:type="GPL v2.0 or above" el:open="true"/>
      <el:compatibility el:enigma="1.10">
        <el:dependency el:path="lib/libmaze" el:id="lib/libmaze" el:release="2" el:preload="true"/>
      </el:compatibility>
      <el:modes el:easy="false" el:single="true" el:network="false"/>
      <el:comments><el:code>New API converted by R. Bourquin</el:code></el:comments>
      <el:score el:easy="-" el:difficult="-"/>
    </el:info>
    <el:luamain><![CDATA[
wo["FollowGrid"] = true
wo["FollowMethod"] = FOLLOW_SCROLL
wo["FollowAction"] = FOLLOW_HALFSCREEN

ti[" "] = {"fl_rough"}
ti["#"] = {"st_redbrown"}
ti["H"] = {"st_redbrown_hollow"}
ti["-"] = {"st_nil"}

local width = 38
local height = 24

maze = res.maze(res.random(ti, "P", {{"-", 0.975},{"H", 0.025}}), {area={po(1,1), width, height}, render={{"P", "#"}, "#", " "}})

w, h = wo(maze, " ", 77, 49)
wo:drawBorder(po(0,0), w, h, ti["#"])
wo[po(1,0) .. po(w-2,0) .. po(1,h-1) .. po(w-2,h-1)] = {"st_oxyd"}
wo[po(2*random(width)-1, 2*random(height)-1)] = {"#ac_marble"}
wo:shuffleOxyd()
 ]]></el:luamain>
    <el:i18n>
      <el:string el:key="title">
        <el:english el:translate="false"/>
      </el:string>
    </el:i18n>
  </el:protected>
</el:level>
