<?xml version="1.0" encoding="UTF-8" standalone="no" ?>
<el:level xmlns:xsi="http://www.w3.org/2001/XMLSchema-instance" xsi:schemaLocation="http://enigma-game.org/schema/level/1 level.xsd" xmlns:el="http://enigma-game.org/schema/level/1">
  <el:protected>
    <el:info el:type="level">
      <el:identity el:title="Black Holes" el:subtitle="" el:id="level2a"/>
      <el:version el:score="1" el:release="1" el:revision="0" el:status="released"/>
      <el:author  el:name="Siegfried Fennig" el:email="" el:homepage=""/>
      <el:copyright>Copyright © 2003 Siegfried Fennig</el:copyright>
      <el:license el:type="GPL version 2" el:open="true"/>
      <el:compatibility el:enigma="0.92">
      </el:compatibility>
      <el:modes el:easy="false" el:single="true" el:network="false"/>
      <el:comments>
        <el:code>Lua 5.1 and XML converted by Leveladministrators</el:code>
      </el:comments>
      <el:score el:easy="-" el:difficult="-"/>
    </el:info>
    <el:luamain><![CDATA[
levelw = 20
levelh = 13

create_world(levelw, levelh)
draw_border("st-invisible")

fill_floor("fl-space")

fill_floor("fl-gray", 9,6, 2,1)
fill_floor("fl-gray", 1,3, 18,1)
fill_floor("fl-gray", 1,9, 18,1)

abyss(3,3)
abyss(5,3)
abyss(3,9)
abyss(5,9)
abyss(14,3)
abyss(16,3)
abyss(14,9)
abyss(16,9)
abyss(8,6)
abyss(11,6)

shogundot1 (18,4)
shogundot2 (9,1)
shogundot3 (6,11)
oxyd(2,6)
oxyd(15,6)
oxyd(17,6)
oxyd(6,6)
oxyd(13,6)
oxyd(4,6)

fakeoxyd(0,3)
fakeoxyd(19,3)
fakeoxyd(0,9)
fakeoxyd(19,9)

document(10,6, "text1")

set_actor("ac-blackball" ,9.5, 6.5)
    ]]></el:luamain>
    <el:i18n>
      <el:string el:key="title">
        <el:english el:translate="false"/>
      </el:string>
      <el:string el:key="text1">
        <el:english el:translate="true">Beware! Black holes!</el:english>
      </el:string> 
    </el:i18n>
  </el:protected>
</el:level>
