<?xml version="1.0" encoding="UTF-8" standalone="no" ?>
<el:level xmlns:xsi="http://www.w3.org/2001/XMLSchema-instance" xsi:schemaLocation="http://enigma-game.org/schema/level/1 level.xsd" xmlns:el="http://enigma-game.org/schema/level/1">
  <el:protected>
    <el:info el:type="level">
      <el:identity el:title="Dancers" el:subtitle="" el:id="ant14"/>
      <el:version el:score="1" el:release="2" el:revision="4" el:status="released"/>
      <el:author  el:name="Petr Machata" el:email="" el:homepage=""/>
      <el:copyright>Copyright © 2003 Petr Machata</el:copyright>
      <el:license el:type="GPL v2.0 or above" el:open="true"/>
      <el:compatibility el:enigma="1.10"/>
      <el:modes el:easy="false" el:single="true" el:network="false"/>
      <el:comments><el:code>New API converted by R. Bourquin</el:code></el:comments>
      <el:score el:easy="-" el:difficult="-"/>
    </el:info>
    <el:luamain><![CDATA[
ti["."] = {"fl_water"}
ti["-"] = {"fl_marble"}
ti["#"] = {"st_redbrown"}
ti[">"] = ti["-"] .. {"st_boulder", name="boulders#", orientation=EAST}
ti["V"] = {"st_laser", orientation=SOUTH, state=ON}
ti["^"] = {"st_laser", orientation=NORTH, state=ON}
ti["="] = {"st_door", name="doors#", flavor="a"}
ti["+"] = {"it_trigger", target={"boulders#*", "doors#*"}, action_1={"flip"}}
ti["O"] = {"st_oxyd", flavor="c"}
ti["@"] = ti["-"] .. {"#ac_marble_black"}

wo(ti, ".", {
    "#########V##########",
    "#.......#=#........#",
    "#..O............O..#",
    "#+.>----->-------..#",
    "#.........-........#",
    "#..O......-.....O..#",
    "#..>---@->-------..#",
    "#..O.....-......O..#",
    "#........-.........#",
    "#..>----->-------.+#",
    "#..O............O..#",
    "#........#=#.......#",
    "##########^#########"})

wo:shuffleOxyd()
 ]]></el:luamain>
    <el:i18n>
      <el:string el:key="title">
        <el:english el:translate="false"/>
      </el:string>
    </el:i18n>
  </el:protected>
</el:level>
