<?xml version="1.0" encoding="UTF-8" standalone="no" ?>
<el:level xmlns:xsi="http://www.w3.org/2001/XMLSchema-instance" xsi:schemaLocation="http://enigma-game.org/schema/level/1 level.xsd" xmlns:el="http://enigma-game.org/schema/level/1">
  <el:protected>
    <el:info el:type="level">
      <el:identity el:title="Washing Machine" el:subtitle="" el:id="duffy45"/>
      <el:version el:score="1" el:release="2" el:revision="2" el:status="released"/>
      <el:author el:name="Jacob Scott" el:email="" el:homepage=""/>
      <el:copyright>Copyright © 2003 Jacob Scott</el:copyright>
      <el:license el:type="GPL v2.0 or above" el:open="true"/>
      <el:compatibility el:enigma="1.10"/>
      <el:modes el:easy="false" el:single="true" el:network="false"/>
      <el:comments>
        <el:code>New API converted by /dev/null, March 2013</el:code>
      </el:comments>
      <el:score el:easy="-" el:difficult="-"/>
    </el:info>
    <el:luamain><![CDATA[
ti["# "] = {"st_greenbrown"}
ti["  "] = {"fl_metal"}
ti[" ~"] = {"fl_abyss"}
ti[" >"] = {"fl_slope_te"}
ti[" v"] = {"fl_slope_ts"}
ti[" <"] = {"fl_slope_tw"}
ti[" ^"] = {"fl_slope_tn"}
ti[" o"] = {"it_meditation"}
ti["@ "] = {"#ac_pearl_white", essential=INDISPENSABLE}

wo(res.composer(ti), "  ", {
    "# # # # # # # # # # # # # ",
    "# @> > > > > > v v v v@v# ",
    "#  > > > > > > v v v v v# ",
    "#  > > > > > > v v v v v# ",
    "#  > > > > > > v v v v v# ",
    "#  > > > > o > o v v v v# ",
    "#  ^ ^ ^ ^ ^ ~ v v v v v# ",
    "#  ^ ^ ^ ^ o < o < < < <# ",
    "#  ^ ^ ^ ^ ^ < < < < < <# ",
    "#  ^ ^ ^ ^ ^ < < < < < <# ",
    "#  ^ ^ ^ ^ ^ < < < < < <# ",
    "# @^ ^ ^ ^ ^ < < < < <@<# ",
    "# # # # # # # # # # # # # "})
 ]]></el:luamain>
    <el:i18n>
      <el:string el:key="title">
        <el:english el:translate="false"/>
      </el:string>
    </el:i18n>
  </el:protected>
</el:level>
