<?xml version="1.0" encoding="UTF-8" standalone="no" ?>
<el:level xmlns:xsi="http://www.w3.org/2001/XMLSchema-instance" xsi:schemaLocation="http://enigma-game.org/schema/level/1 level.xsd" xmlns:el="http://enigma-game.org/schema/level/1">
  <el:protected>
    <el:info el:type="level">
      <el:identity el:title="Puppet" el:subtitle="" el:id="duffy87"/>
      <el:version el:score="1" el:release="2" el:revision="2" el:status="released"/>
      <el:author el:name="Jacob Scott" el:email="" el:homepage=""/>
      <el:copyright>Copyright © 2004 Jacob Scott</el:copyright>
      <el:license el:type="GPL v2.0 or above" el:open="true"/>
      <el:compatibility el:enigma="1.10"/>
      <el:modes el:easy="false" el:single="true" el:network="false"/>
      <el:score el:easy="-" el:difficult="-"/>
    </el:info>
    <el:luamain><![CDATA[
ti["  "] = {"fl_hay"}
ti[" -"] = {"fl_metal_7"}
ti["^^"] = {"fl_slope", slope=NORTH, shape="pn"}
ti[">>"] = {"fl_slope", slope=EAST, shape="pe"}
ti["vv"] = {"fl_slope", slope=SOUTH, shape="ps"}
ti["<<"] = {"fl_slope", slope=WEST, shape="pw"}
ti[" 1"] = {"fl_slope", slope=NORTHEAST, shape="ine"}
ti[" 3"] = {"fl_slope", slope=NORTHWEST, shape="inw"}
ti[" 7"] = {"fl_slope", slope=SOUTHEAST, shape="ise"}
ti[" 9"] = {"fl_slope", slope=SOUTHWEST, shape="isw"}
ti["# "] = {"st_greenbrown"}
ti["| "] = {"st_door", flavor="a", name="door", state=OPEN}
ti["o "] = {"it_ring"}
ti["f "] = {"it_flag"}
ti["* "] = {"it_wormhole", destination="start", strength=1, range=1}
ti[" t"] = {"it_trigger", target="door", action="close"}
ti[" u"] = {"it_trigger", target="door", action="open", name="start"}
ti["R "] = {"#ac_rotor", range=30, strength=30}
ti["OO"] = {"st_oxyd"}
ti["@ "] = {"#ac_marble"}

wo(res.composer(ti), "  ", {
    "#-#-#-#-#-#-#-#-#-#-#-#-#-#-#-#-#-#-#-#-",
    "#-o7>>>>>> - - - - - - - - - -<<<<<<o9#-",
    "#-vv#-#-#-#-#-#-#-#-#-#-#-#-#-#-#-#-vv#-",
    "#-vv#-     9vv 7  <<<<<<<<<<OO# OO#-vv#-",
    "#-vv#-vv#-#-*7#-#-#-#-#-#-#-#-#-vv#-vv#-",
    "#- -#-  >>>>>>*-<<#-          #-vv#- -#-",
    "#-@-#-# #-#- 1#-#-#-Ru#-  #   #-vv#-f-#-",
    "#- -#-* #     # * #-#-#-  # # #-vv#- -#-",
    "#-^^#-  #   # #       *       #-vv#-^^#-",
    "#-^^#-        |    t      #       #-^^#-",
    "#-^^#-#-#-#-#-#-#-#-#-#-#-#-#-#-#-#-^^#-",
    "#-o1>>>>>> - - - - - - - - - -<<<<<<o3#-",
    "#-#-#-#-#-#-#-#-#-#-#-#-#-#-#-#-#-#-#-#-"})
 ]]></el:luamain>
    <el:i18n>
      <el:string el:key="title">
        <el:english el:translate="false"/>
      </el:string>
    </el:i18n>
  </el:protected>
</el:level>
