<?xml version="1.0" encoding="UTF-8" standalone="no" ?>
<el:level xmlns:xsi="http://www.w3.org/2001/XMLSchema-instance" xsi:schemaLocation="http://enigma-game.org/schema/level/1 level.xsd" xmlns:el="http://enigma-game.org/schema/level/1">
  <el:protected>
    <el:info el:type="level">
      <el:identity el:title="Laser Spiral" el:subtitle="" el:id="duffy3"/>
      <el:version el:score="2" el:release="2" el:revision="2" el:status="released"/>
      <el:author  el:name="Jacob Scott" el:email="" el:homepage=""/>
      <el:copyright>Copyright © 2003 Jacob Scott</el:copyright>
      <el:license el:type="GPL v2.0 or above" el:open="true"/>
      <el:compatibility el:enigma="1.10"/>
      <el:modes el:easy="false" el:single="true" el:network="false"/>
      <el:comments><el:code>New API converted by R. Bourquin</el:code></el:comments>
      <el:score el:easy="-" el:difficult="-"/>
    </el:info>
    <el:luamain><![CDATA[
ti[" "] = {"fl_hay"}
ti["#"] = {"st_greenbrown"}
ti["<"] = {"st_laser", orientation=WEST, state=ON}
ti["M"] = {"st_mirror_slab", orientation=EAST}
ti["N"] = {"st_mirror_slab", orientation=WEST}
ti["="] = {"st_mirror_slab", movable=true, orientation=EAST}
ti["o"] = {"st_oxyd", name="upper#"}
ti["O"] = {"st_oxyd", name="lower#"}
ti["@"] = {"#ac_marble_black"}

wo(ti, " ", {
    "##oooooo############",
    "# M               N#",
    "#  M             N #",
    "#   M           N  #",
    "#    M         N   #",
    "#     M       N    #",
    "o@     M           <",
    "O=     N      M    #",
    "#     N        M   #",
    "#    N          M  #",
    "#   N            M #",
    "#NMN              M#",
    "##OOOOOO############"})

wo:shuffleOxyd({"upper#*", "lower#*", min=5})
 ]]></el:luamain>
    <el:i18n>
      <el:string el:key="title">
        <el:english el:translate="false"/>
      </el:string>
    </el:i18n>
  </el:protected>
</el:level>
