<?xml version="1.0" encoding="UTF-8" standalone="no" ?>
<el:level xmlns:xsi="http://www.w3.org/2001/XMLSchema-instance" xsi:schemaLocation="http://enigma-game.org/schema/level/1 level.xsd" xmlns:el="http://enigma-game.org/schema/level/1">
  <el:protected>
    <el:info el:type="level">
      <el:identity el:title="Inverted Laser Spiral" el:subtitle="" el:id="duffy42"/>
      <el:version el:score="2" el:release="2" el:revision="2" el:status="released"/>
      <el:author  el:name="Jacob Scott" el:email="" el:homepage=""/>
      <el:copyright>Copyright © 2003 Jacob Scott</el:copyright>
      <el:license el:type="GPL v2.0 or above" el:open="true"/>
      <el:compatibility el:enigma="1.10"/>
      <el:modes el:easy="false" el:single="true" el:network="false"/>
      <el:comments><el:code>New API converted by R. Bourquin</el:code></el:comments>
      <el:score el:easy="-" el:difficult="-"/>
    </el:info>
    <el:luamain><![CDATA[
ti[" "] = {"fl_hay"}
ti["#"] = {"st_greenbrown"}
ti["G"] = {"st_rawglass"}
ti["X"] = {"st_grate", flavor="cross"}
ti["^"] = {"st_laser", orientation=NORTH, state=ON}
ti["M"] = {"st_mirror_slab", orientation=EAST}
ti["N"] = {"st_mirror_slab", orientation=WEST}
ti["="] = {"st_mirror_slab", orientation=SOUTH, movable=true, transparent=true}
ti["O"] = {"st_oxyd", name="oxyds#"}
ti["@"] = {"#ac_marble_black", 0.0, 0.5}

wo(ti, " ", {
    "####################",
    "###XXM            N#",
    "#OG X M          N #",
    "#OG X  M        N  #",
    "#OG=X   M      N   #",
    "#OG X    M    N    #",
    "#OGXXXXXXXG  N     #",
    "#OG@ =   N   M     #",
    "#OGXXXXXN     M    #",
    "#OG    N       M   #",
    "#OG   N         M  #",
    "#OG  N           M #",
    "##################^#"})

wo:shuffleOxyd({no["oxyds#*"]:sort("linear"), linear=true})
 ]]></el:luamain>
    <el:i18n>
      <el:string el:key="title">
        <el:english el:translate="false"/>
      </el:string>
    </el:i18n>
  </el:protected>
</el:level>
