<?xml version="1.0" encoding="UTF-8" standalone="no" ?>
<el:level xmlns:xsi="http://www.w3.org/2001/XMLSchema-instance" xsi:schemaLocation="http://enigma-game.org/schema/level/1 level.xsd" xmlns:el="http://enigma-game.org/schema/level/1">
  <el:protected>
    <el:info el:type="level">
      <el:identity el:title="Guitar" el:subtitle="" el:id="guy01"/>
      <el:version el:score="1" el:release="2" el:revision="1" el:status="released"/>
      <el:author el:name="Guy Busser" el:email="" el:homepage=""/>
      <el:copyright>Copyright © 2005 Guy Busser</el:copyright>
      <el:license el:type="GPL v2.0 or above" el:open="true"/>
      <el:compatibility el:enigma="1.10"/>
      <el:modes el:easy="false" el:single="true" el:network="false"/>
      <el:score el:easy="-" el:difficult="-"/>
    </el:info>
    <el:luamain><![CDATA[
ti[" "] = {"fl_lawn_a"}
ti["~"] = {"fl_water"}
ti[":"] = {"fl_wood"}
ti["-"] = {"fl_ivory"}
ti["="] = {"fl_woven"}
ti[";"] = {"fl_dark"}
ti["#"] = {"st_brownmarble"}
ti["x"] = {"st_grate_cross"}
ti["X"] = ti["-"] .. ti["x"]
ti["<"] = {"st_oneway_w"}
ti[">"] = {"st_oneway_e"}
ti["+"] = {"st_box"}
ti["*"] = ti["="] .. ti["+"]
ti["."] = {"it_seed_wood"}
ti["d"] = {"it_document", text="text1"}
ti["o"] = ti[":"] .. {"it_meditation_dent"}
ti["t"] = {"it_trigger"}
ti["door"] = {"st_door_c", name="door%%"}
ti["trigger"] = {"it_trigger", target="door%%"}
ti["0"] = {"st_oxyd", flavor="c"}
ti["@"] = ti[":"] .. {"#ac_marble"}

wo(res.autotile(ti, {"1","9","trigger"}, {"A","I","door"}), " ", {
    "#######################################",
    "#                  # +~~~~~~~~~~~~~~  #",
    "#          ::      #  ~~~~~~~   ~~~~+ #",
    "#         :::      #+.~~~~~~~ ~  ~~~  #",
    "#        ::::      #+ ~~~~~~~ ~~ ~~~+ #",
    "#        ::::      # +~~~~~~~ ~~ ~~~ +#",
    "#       :::::      #+ ~~~~~~~ ~  ~~~  #",
    "#       ::@:       #+ ~~~~~~~   ~~~~++#",
    "#        ===       #  ~~~~~   ~~~~~~  #",
    "#        :::       # +~~~~  ~ ~  ~~~  #",
    "#        :::       #+ ~~~~ ~~ ~~ ~~~ +#",
    "#        :o:       #+ ~~~~  ~ ~  ~~~  #",
    "#        :::       #  ~~~~~     ~~~~++#",
    "#        :o:       #  ~~~~~~~ ~~~~~~  #",
    "#        :::       #  ~~~~~~~ ~~~~~~  #",
    "#        :o:       #  ~~~~~.~ ~~~~~~~ #",
    "#        :::       #  ~~~~~   ~~~~~~~ #",
    "#        :o:       #  ~~~~~~~~~~~~~~~ #",
    "#    ;   :::       #                  #",
    "#   ;;   :::       #      tttt9t      #",
    "#  ;;;   o:o   ;   #    d t567t8      #",
    "#  ;;;;  :::  ;;;  #      12tt34      #",
    "#   ;;;;;:::;;;-;; #      tttttt      #",
    "#   ;;;;--------;; #                  #",
    "#    ;;;-------;;  #   ####### ####   #",
    "#    ;;;-0*0---;   #      >  #   0#   #",
    "#    ;;;-X-X---;   #   #E###F###      #",
    "#   ;;;--0*0---;;  #   # < #   ####   #",
    "#   ;;;--X-X---;;  #   # # # 0   .#   #",
    "#  ;;;;--0*0----;; #   #A#     ##B#   #",
    "#  ;;;;;---------; #   # ######## #   #",
    "#  ;;;;;;===;;;;-; #   #D#   H  #I#   #",
    "#   ;;;;;;;;;;;;;; #   # #G#### # #   #",
    "#    ;;;;;;;;;;;   #   #0# #0 #0#0#   #",
    "#      ;;;;;;;   ~~x   ###C## #####  +#",
    "#                ~~                   #",
    "#######################################"})
 ]]></el:luamain>
    <el:i18n>
      <el:string el:key="title">
        <el:english el:translate="false"/>
      </el:string>
      <el:string el:key="text1">
        <el:english el:translate="false">C D Em G</el:english>
      </el:string> 
    </el:i18n>
  </el:protected>
</el:level>
