<?xml version="1.0" encoding="UTF-8" standalone="no" ?>
<el:level xmlns:xsi="http://www.w3.org/2001/XMLSchema-instance" xsi:schemaLocation="http://enigma-game.org/schema/level/1 level.xsd" xmlns:el="http://enigma-game.org/schema/level/1">
  <el:protected>
    <el:info el:type="level">
      <el:identity el:title="Do It Yourself" el:subtitle="" el:id="martin97"/>
      <el:version el:score="1" el:release="2" el:revision="1" el:status="released"/>
      <el:author el:name="Martin Hawlisch" el:email="" el:homepage=""/>
      <el:copyright>Copyright © 2003 Martin Hawlisch</el:copyright>
      <el:license el:type="GPL version 2" el:open="true"/>
      <el:compatibility el:enigma="1.10"/>
      <el:modes el:easy="false" el:single="true" el:network="false"/>
      <el:comments><el:code>new API converted by mecke</el:code></el:comments>
      <el:score el:easy="-" el:difficult="-"/>
    </el:info>
    <el:luamain><![CDATA[
ti[" "] = {"fl_bluegray"}
ti["~"] = {"fl_water"}
ti["#"] = {"st_rawglass"}
ti["*"] = {"st_rawglass_movable"}
ti["B"] = {"st_break_black"}
ti["+"] = {"st_box"}
ti["D"] = {"st_death_invisible"}
ti["K"] = {"st_knight"}
ti["M"] = {"st_mirror", orientation=SLASH}
ti["v"] = {"st_mirror_triangle", orientation=SOUTH, transparent=true}
ti["N"] = {"st_mirror", orientation=BACKSLASH}
ti["L"] = {"st_laser", orientation=NORTH, name="laser1"}
ti["l"] = {"st_laser", orientation=WEST, name="laser2"}
ti["."] = {"it_coin_s"}
ti["d"] = {"it_document", text="text1"}
ti["t"] = {"it_trigger", action="toggle", target="laser1"}
ti["u"] = {"it_trigger", action="on", target="laser2"}
ti["O"] = {"st_oxyd"}
ti["@"] = {"#ac_marble"}

wo(ti, " ", {
    "                                        ",
    "                                        ",
    "                                        ",
    "                                        ",
    "                                        ",
    "                                        ",
    "                                        ",
    "                                        ",
    "                                        ",
    "                                        ",
    "                                        ",
    "MvvvvvvvN MvvvvvvvN                     ",
    "#########O###################O######### ",
    "#...             #N#~~~~~~~~~~~~~~~~  #l",
    "# @              ######      D      D+# ",
    "#                  *t #     KKK   D D # ",
    "#        O         ####     KOK   D D # ",
    "#                d #      D KKK   D D # ",
    "#                  #          D   D D # ",
    "#  +               #   D    KKK   D D # ",
    "#        O         #        KOK DDD D # ",
    "#                  #        KKK D   D # ",
    "#                  # D          D DDD # ",
    "#                  ~u   D   BBB D     # ",
    "#########O###################O######### ",
    "L                                       "})

wo:shuffleOxyd()
 ]]></el:luamain>
    <el:i18n>
      <el:string el:key="title">
        <el:english el:translate="false"/>
      </el:string>
      <el:string el:key="text1">
        <el:english el:translate="true">Take some money and build yourself the tools you need.</el:english>
      </el:string>
    </el:i18n>
  </el:protected>
</el:level>
