<?xml version="1.0" encoding="UTF-8" standalone="no" ?>
<el:level xmlns:xsi="http://www.w3.org/2001/XMLSchema-instance" xsi:schemaLocation="http://enigma-game.org/schema/level/1 level.xsd" xmlns:el="http://enigma-game.org/schema/level/1">
  <el:protected>
    <el:info el:type="level">
      <el:identity el:title="It's Magic" el:subtitle="" el:id="martin27"/>
      <el:version el:score="1" el:release="2" el:revision="4" el:status="released"/>
      <el:author  el:name="Martin Hawlisch" el:email="" el:homepage=""/>
      <el:copyright>Copyright © 2003 Martin Hawlisch</el:copyright>
      <el:license el:type="GPL version 2" el:open="true"/>
      <el:compatibility el:enigma="1.10"/>
      <el:modes el:easy="false" el:single="true" el:network="false"/>
      <el:comments><el:code>New API converted by R. Bourquin</el:code></el:comments>
      <el:score el:easy="-" el:difficult="-"/>
    </el:info>
    <el:luamain><![CDATA[
ti[" "] = {"fl_brick"}
ti["#"] = {"st_brick"}
ti["*"] = {"st_rawglass"}
ti["!"] = {"st_magic_brick"}
ti[">"] = {"st_laser", name="laser", orientation=EAST, state=ON}
ti["/"] = {"st_mirror", orientation=WEST}
ti["<"] = {"st_mirror", flavor="triangle", orientation=WEST}
ti["("] = {"st_mirror", flavor="triangle", orientation=WEST, transparent=true}
ti["S"] = {"st_switch", target="laser"}
ti["O"] = {"st_oxyd"}
ti["m"] = {"it_magicwand"}
ti["d"] = {"it_document", text="text1"}
ti["@"] = {"#ac_marble_black"}

wo(ti, " ", {
    "#O#######O########O#",
    "#!     !*!        !#",
    "#*!!!! !**!!!!!!  !#",
    "#/ ! ! !*/    !  !<#",
    "#  !   !!!!!! !  !*#",
    "#!   !      ! ! !!!#",
    ">*!! !!!!(!        S",
    "#!   !m     ! ! !!!#",
    "#  !   !!!!!! !d@!*#",
    "#/ ! ! !*/    !  !<#",
    "#*!!!! !**!!!!!!  !#",
    "#!     !*!        !#",
    "#O#######O########O#"})

wo:shuffleOxyd()
 ]]></el:luamain>
    <el:i18n>
      <el:string el:key="title">
        <el:english el:translate="false"/>
      </el:string>
      <el:string el:key="text1">
        <el:english el:translate="true">Do not use too much magic!</el:english>
      </el:string>
    </el:i18n>
  </el:protected>
</el:level>
