<?xml version="1.0" encoding="UTF-8" standalone="no" ?>
<el:level xmlns:xsi="http://www.w3.org/2001/XMLSchema-instance" xsi:schemaLocation="http://enigma-game.org/schema/level/1 level.xsd" xmlns:el="http://enigma-game.org/schema/level/1">
  <el:protected>
    <el:info el:type="level">
      <el:identity el:title="Pools" el:subtitle="" el:id="martin70"/>
      <el:version el:score="1" el:release="2" el:revision="1" el:status="released"/>
      <el:author el:name="Martin Hawlisch" el:email="" el:homepage=""/>
      <el:copyright>Copyright © 2003 Martin Hawlisch</el:copyright>
      <el:license el:type="GPL version 2" el:open="true"/>
      <el:compatibility el:enigma="1.10"/>
      <el:modes el:easy="false" el:single="true" el:network="false"/>
      <el:comments><el:code>new API converted by mecke</el:code></el:comments>
      <el:score el:easy="-" el:difficult="-"/>
    </el:info>
    <el:luamain><![CDATA[
ti[" "] = {"fl_sand"}
ti["~"] = {"fl_water"}
ti["#"] = ti["~"] .. {"st_grate", name="grate"}
ti["O"] = {"st_oxyd", flavor="b"}
ti["@"] = {"#ac_marble", name="ball"}

wo(ti, " ", {
    "~~~~~~~~~~~~~~~~~~~~",
    "~      O           ~",
    "~      ~        O  ~",
    "~O             ~   ~",
    "~  ~               ~",
    "~       ~~~~       ~",
    "~    ~  ~#~        ~",
    "~       ~~~ O      ~",
    "~  @     ~         ~",
    "~    ~       ~   ~ ~",
    "~   O           ~  ~",
    "~                O ~",
    "~~~~~~~~~~~~~~~~~~~~"})

wo:add({"ot_rubberband", anchor1="ball", anchor2="grate", strength=8.0, length=1.0})
wo:shuffleOxyd()
 ]]></el:luamain>
    <el:i18n>
      <el:string el:key="title">
        <el:english el:translate="false"/>
      </el:string>
    </el:i18n>
  </el:protected>
</el:level>
