<?xml version="1.0" encoding="UTF-8" standalone="no" ?>
<el:level xmlns:xsi="http://www.w3.org/2001/XMLSchema-instance" xsi:schemaLocation="http://enigma-game.org/schema/level/1 level.xsd" xmlns:el="http://enigma-game.org/schema/level/1">
  <el:protected>
    <el:info el:type="level">
      <el:identity el:title="Gateway" el:subtitle="" el:id="martin85"/>
      <el:version el:score="1" el:release="2" el:revision="2" el:status="released"/>
      <el:author  el:name="Martin Hawlisch" el:email="" el:homepage=""/>
      <el:copyright>Copyright © 2003 Martin Hawlisch</el:copyright>
      <el:license el:type="GPL version 2" el:open="true"/>
      <el:compatibility el:enigma="1.10"/>
      <el:modes el:easy="false" el:single="true" el:network="false"/>
      <el:comments><el:code>New API converted by R. Bourquin</el:code></el:comments>
      <el:score el:easy="-" el:difficult="-"/>
    </el:info>
    <el:luamain><![CDATA[
ti["   "] = {"fl_water"}
ti["---"] = {"fl_samba"}
ti["###"] = {"st_door", flavor="a"}
ti["XXX"] = {"st_grate", flavor="cross"}
ti["ooo"] = {"st_shogun_s"}
ti["+D+"] = {"it_shogun_s", target="do%%"}
ti["*B*"] = {"it_shogun_s", target="br%%"} .. ti["ooo"]
ti["*D*"] = {"it_shogun_s", target="do%%"} .. ti["ooo"]
ti["GCC"] = ti({"fl_bridge", flavor="bw", state=CLOSED, name="br%%"}) .. {"st_door", flavor="a", state=CLOSED, name="do%%"}
ti["GOO"] = ti({"fl_bridge", flavor="bw", state=CLOSED, name="br%%"}) .. {"st_door", flavor="a", state=OPEN, name="do%%"}
ti["OOO"] = {"st_oxyd", name="oxyds#", flavor="d"}
ti["@@@"] = {"#ac_marble_black"}

local resolver = res.autotile(ti, {"GC", "GCC"}, {"GO", "GOO"}, {"+D", "+D+"}, {"*B", "*B*"}, {"*D", "*D*"})

wo(resolver, "---", {
    "                                                            ",
    "                                                            ",
    "      ###############                  ###############      ",
    "   ######---------######            ######---------######   ",
    "######------*B1------######      ######------OOO------######",
    "###------*B2ooo*D2------###      ###------OOO---OOO------###",
    "###---###+D1---+D4###@@@GC1GO2GO3GC4---XXXOOO---OOOXXX---###",
    "###------*D3ooo*B3------###      ###------OOO---OOO------###",
    "######------*B4------######      ######------OOO------######",
    "   ######---------######            ######---------######   ",
    "      ###############                  ###############      ",
    "                                                            ",
    "                                                            "})

wo:shuffleOxyd({no["oxyds#*"]:sort("circular"), circular=true})
 ]]></el:luamain>
    <el:i18n>
      <el:string el:key="title">
        <el:english el:translate="false"/>
      </el:string>
    </el:i18n>
  </el:protected>
</el:level>
