<?xml version="1.0" encoding="UTF-8" standalone="no" ?>
<el:level xmlns:xsi="http://www.w3.org/2001/XMLSchema-instance" xsi:schemaLocation="http://enigma-game.org/schema/level/1 level.xsd" xmlns:el="http://enigma-game.org/schema/level/1">
  <el:protected>
    <el:info el:type="level">
      <el:identity el:title="Push Them In" el:subtitle="" el:id="nat5"/>
      <el:version el:score="1" el:release="2" el:revision="1" el:status="released"/>
      <el:author  el:name="Andreas Persenius, Nat Pryce" el:email="" el:homepage=""/>
      <el:copyright>Copyright © 1999,2000,2002 Andreas Persenius, Nat Pryce</el:copyright>
      <el:license el:type="Donated to Enigma under the projects license" el:open="true"/>
      <el:compatibility el:enigma="1.10"/>
      <el:modes el:easy="false" el:single="true" el:network="false"/>
      <el:comments>
        <el:code>
          A Sokoban level adapted for Enigma
          New API converted by /dev/null
        </el:code>
      </el:comments>
      <el:score el:easy="-" el:difficult="-"/>
    </el:info>
    <el:luamain><![CDATA[
ti[" "] = {"fl_metal_7"}
ti["."] = {"fl_lawn"}
ti["~"] = {"fl_water"}
ti["#"] = {"st_metal"}
ti["+"] = {"st_box"}
ti["O"] = {"st_oxyd"}
ti["@"] = {"#ac_marble_black"}

wo(ti, " ", {
    "....................",
    "..........########..",
    "..........#     @#..",
    "..........# +#+ ##..",
    "...######## +  +#...",
    "...#O~~   ##+ + #...",
    ".#######  # + # ###.",
    ".#O~~~~  ## +  +  #.",
    ".##O~~~    +  +   #.",
    ".#O~~~~  ##########.",
    ".#########..........",
    "....................",
    "...................."})

wo:shuffleOxyd()
 ]]></el:luamain>
    <el:i18n>
      <el:string el:key="title">
        <el:english el:translate="false"/>
      </el:string>
    </el:i18n>
  </el:protected>
</el:level>
