<?xml version="1.0" encoding="UTF-8" standalone="no" ?>
<el:level xmlns:xsi="http://www.w3.org/2001/XMLSchema-instance" xsi:schemaLocation="http://enigma-game.org/schema/level/1 level.xsd" xmlns:el="http://enigma-game.org/schema/level/1">
  <el:protected>
    <el:info el:type="level">
      <el:identity el:title="Shoals" el:subtitle="" el:id="nat27"/>
      <el:version el:score="1" el:release="2" el:revision="1" el:status="released"/>
      <el:author  el:name="Nat Pryce" el:email="" el:homepage=""/>
      <el:copyright>Copyright © 2003 Nat Pryce</el:copyright>
      <el:license el:type="GPL version 2" el:open="true"/>
      <el:compatibility el:enigma="1.10">
        <el:dependency el:path="lib/libmaze" el:id="lib/libmaze" el:release="2" el:preload="true"/>
      </el:compatibility>
      <el:modes el:easy="false" el:single="true" el:network="false"/>
      <el:comments><el:code>New API converted by R. Bourquin</el:code></el:comments>
      <el:score el:easy="-" el:difficult="-"/>
    </el:info>
    <el:luamain><![CDATA[
ti["~"] = {"fl_water"}
ti["."] = {"fl_sand", name="corner#"}
ti[":"] = {"fl_sand"}
ti["O"] = {"st_oxyd"}
ti["@"] = {"#ac_marble_black"} .. ti({"it_spring_keep"})

themaze = res.maze(ti, {area={po(1,1), 19, 6}, render={{"~", ":"}, ".", "~"}})
wo(themaze, "~", 39, 13)

oxyds = no["corner#*"]:shuffle():sub(8)
wo[oxyds] = ti["O"]
wo:shuffleOxyd()

startpoint = (no["corner#*"]-oxyds):shuffle():sub(1)
wo[startpoint] = ti["@"]
 ]]></el:luamain>
    <el:i18n>
      <el:string el:key="title">
        <el:english el:translate="false"/>
      </el:string>
    </el:i18n>
  </el:protected>
</el:level>
