<?xml version="1.0" encoding="UTF-8" standalone="no" ?>
<el:level xmlns:xsi="http://www.w3.org/2001/XMLSchema-instance" xsi:schemaLocation="http://enigma-game.org/schema/level/1 level.xsd" xmlns:el="http://enigma-game.org/schema/level/1">
  <el:protected>
    <el:info el:type="level">
      <el:identity el:title="Water Holes" el:subtitle="" el:id="level3f"/>
      <el:version el:score="1" el:release="2" el:revision="1" el:status="released"/>
      <el:author  el:name="Siegfried Fennig" el:email="" el:homepage=""/>
      <el:copyright>Copyright © 2003 Siegfried Fennig</el:copyright>
      <el:license el:type="GPL version 2" el:open="true"/>
      <el:compatibility el:enigma="1.10">
        <el:dependency el:path="lib/libpuzzle" el:id="lib/libpuzzle" el:release="3" el:preload="true"/>
      </el:compatibility>
      <el:modes el:easy="false" el:single="true" el:network="false"/>
      <el:comments><el:code>New API converted by R. Bourquin</el:code></el:comments>
      <el:score el:easy="-" el:difficult="-"/>
    </el:info>
    <el:luamain><![CDATA[
ti["  "] = {"fl_lawn"}
ti["~~"] = {"fl_water"}
ti["##"] = {"st_rawglass"}
ti["P"] = {"st_puzzle"}
ti["p"] = ti["~~"] .. {"st_puzzle"}
ti["door"] = {"st_door", flavor="d", faces="ns", name="door%%"}
ti["trigger"] = {"it_trigger", target="door%%"}
ti["OO"] = {"st_oxyd"}
ti["@ "] = {"#ac_marble_black"}

wo(res.autotile(res.puzzle(ti, "P", "p"), {"t", "trigger"}, {"D", "door"}), "  ", {
    "########################################",
    "##~~##t1##t2##t3##t4##~~~~~~~~~~~~~~~~##",
    "##  ~~~~~~~~~~~~~~~~~~              ~~##",
    "##                      ##D2##D1##  ~~##",
    "##  ##  ##  ##  ##  ##  ##  ##  ##  ~~##",
    "##      PdPe            ##OO##OO##  ~~##",
    "##~~@ ~~      ~~  Pj  ~~##  ##  ##  ~~##",
    "##~~  Pb          pj  ~~##OO##OO##  ~~##",
    "##~~      ~~  ~~  Pj  ~~##  ##  ##  ~~##",
    "##~~  ~~    Pi    ~~  ~~##D3##D4##  ~~##",
    "##~~                  ~~            ~~##",
    "##~~~~~~~~~~~~~~~~~~~~~~~~~~~~~~~~~~~~##",
    "########################################"})

wo:shuffleOxyd()
 ]]></el:luamain>
    <el:i18n>
      <el:string el:key="title">
        <el:english el:translate="false"/>
      </el:string>
    </el:i18n>
  </el:protected>
</el:level>
