<?xml version="1.0" encoding="UTF-8" standalone="no" ?>
<el:level xmlns:xsi="http://www.w3.org/2001/XMLSchema-instance" xsi:schemaLocation="http://enigma-game.org/schema/level/1 level.xsd" xmlns:el="http://enigma-game.org/schema/level/1">
  <el:protected >
    <el:info el:type="level">
      <el:identity el:title="Demo Simple" el:id="20060210ral001"/>
      <el:version el:score="1" el:release="1" el:revision="2" el:status="stable"/>
      <el:author  el:name="Ronald Lamprecht"/>
      <el:copyright>Copyright © 2006,2009 Ronald Lamprecht</el:copyright>
      <el:license el:type="GPL2" el:open="true">GPL v2.0 or above</el:license>
      <el:compatibility el:enigma="1.10"/>
      <el:modes el:easy="false" el:single="true" el:network="false"/>
      <el:score el:easy="-" el:difficult="-"/>
    </el:info>
    <el:luamain><![CDATA[
ti[" "] = {"fl_lawn_b"}
ti["#"] = {"st_box"}
ti["o"] = {"st_oxyd"}
ti["@"] = {"#ac_marble"}

wo(ti, " ", {
    "####################",
    "#                  #",
    "#  o      @     o  #",
    "#                  #",
    "####################",
})
    ]]></el:luamain>
    <el:i18n/>
  </el:protected>
</el:level>

