<?xml version="1.0" encoding="UTF-8" standalone="no" ?>
<el:level xmlns:xsi="http://www.w3.org/2001/XMLSchema-instance" xsi:schemaLocation="http://enigma-game.org/schema/level/1 level.xsd" xmlns:el="http://enigma-game.org/schema/level/1">
  <el:protected>
    <el:info el:type="level">
      <el:identity el:title="Construction Workers" el:subtitle="" el:id="duffy142"/>
      <el:version el:score="1" el:release="2" el:revision="4" el:status="released"/>
      <el:author  el:name="Jacob Scott" el:email="" el:homepage=""/>
      <el:copyright>Copyright © 2007 Jacob Scott</el:copyright>
      <el:license el:type="GPL v2.0 or above" el:open="true"/>
      <el:compatibility el:enigma="1.10"/>
      <el:modes el:easy="false" el:single="true" el:network="true"/>
      <el:score el:easy="-" el:difficult="-"/>
    </el:info>
    <el:luamain><![CDATA[
wo["ConserveLevel"] = false

ti[" "] = {"fl_metal"}
ti["~"] = {"fl_water"}
ti["#"] = {"st_darkgray"}
ti["+"] = {"st_box"}
ti["P"] = {"st_puzzle", cluster=1}
ti["Q"] = {"st_puzzle", cluster=2}
ti["B"] = {"st_passage", flavor="frame", color=BLACK}
ti["W"] = {"st_passage", flavor="frame", color=WHITE}
ti["*"] = {"st_blur_cross"}
ti["R"] = {"st_rotator_cw"}
ti["L"] = {"st_rotator_ccw"}
ti["^"] = {"st_boulder", orientation=NORTH}
ti["V"] = {"st_boulder", orientation=SOUTH}
ti["-"] = {"it_wrench"}
ti["O"] = {"st_oxyd"}
ti["1"] = {"#ac_marble_black"}
ti["2"] = {"#ac_marble_white"}

wo(ti, " ", {
    "####################",
    "#OB^R  W     W   BO#",
    "#R     #######-   B#",
    "L   R  #     ####  #",
    "#* R   # PP +   #  #",
    "#~##WWW# QQ PP  #  #",
    "# 1+B  #PPPP#  W+2 #",
    "#  #  PP QQ #BBB##~#",
    "#  #   + PP #   R *#",
    "#  ####     #  R   L",
    "#W   -#######     R#",
    "#OW   B     B  RVWO#",
    "####################"})

wo:shuffleOxyd()
 ]]></el:luamain>
    <el:i18n>
      <el:string el:key="title">
        <el:english el:translate="false"/>
      </el:string>
    </el:i18n>
  </el:protected>
</el:level>
