<?xml version="1.0" encoding="UTF-8" standalone="no" ?>
<el:level xmlns:xsi="http://www.w3.org/2001/XMLSchema-instance" xsi:schemaLocation="http://enigma-game.org/schema/level/1 level.xsd" xmlns:el="http://enigma-game.org/schema/level/1">
  <el:protected>
    <el:info el:type="level">
      <el:identity el:title="Parish Fair" el:subtitle="Perish Unfair" el:id="duffy143"/>
      <el:version el:score="1" el:release="1" el:revision="3" el:status="released"/>
      <el:author  el:name="Jacob Scott" el:email="" el:homepage=""/>
      <el:copyright>Copyright © 2007 Jacob Scott</el:copyright>
      <el:license el:type="GPL v2.0 or above" el:open="true"/>
      <el:compatibility el:enigma="0.92">
        <el:dependency el:path="lib/ant" el:id="lib/ant" el:release="1" el:preload="true"/>
      </el:compatibility>
      <el:modes el:easy="false" el:single="true" el:network="false"/>
      <el:comments>
        <el:code>Old filename was newlevele45</el:code>
      </el:comments>
      <el:score el:easy="-" el:difficult="-"/>
    </el:info>
    <el:luamain><![CDATA[
rooms_wide=3
rooms_high=2

levelw=1+(19*rooms_wide)
levelh=1+(12*rooms_high)

function file_oxyd(x,y,f)
    oxyd_default_flavor=f
    oxyd(x,y)
end


enigma.SlopeForce=30
enigma.ElectricForce=30

cells={}
items={}
actors={}
stones={}

actors[" "]=cell{}
stones[" "]=cell{}
cells[" "]=cell{}
items[" "]=cell{}

cells["!"]=cell{floor="fl-abyss"}
stones["!"]=cell{stone="st-yellow"}
cells["#"]=cell{floor="fl-normal"}
cells["$"]=cell{floor="fl-leavesc1"}
cells["%"]=cell{floor="fl-leavesc2"}
stones["#"]=cell{stone="st-actorimpulse_invisible"}
cells["&"]=cell{floor="fl-light"}
cells["'"]=cell{floor="fl-leavesc3"}
cells["("]=cell{floor="fl-leavesc4"}
items["!"]=cell{item="it-springboard"}
cells[")"]=cell{floor="fl-leavesb"}
cells["*"]=cell{floor="fl-inverse"}
cells["+"]=cell{floor="fl-gradient5"}
cells[","]=cell{floor="fl-gradient7"}
cells["-"]=cell{floor="fl-gradient6"}
cells["."]=cell{floor="fl-gradient8"}
cells["/"]=cell{floor="fl-bluegreenx"}
stones["$"]=cell{parent={{file_oxyd,"d"}}}
stones["%"]=cell{stone="st-pull"}
cells["0"]=cell{floor="fl-dunes"}
stones["&"]=cell{stone="st-actorimpulse"}
stones["'"]=cell{stone="st-wood"}
items["#"]=cell{item="it-whitebomb"}
items["$"]=cell{item="it-blackbomb"}
items["%"]=cell{item="it-trigger"}
items["&"]=cell{item="it-extralife"}
stones["("]=cell{stone="st-brownie"}
stones[")"]=cell{stone="st-swap"}
stones["*"]=cell{stone="st-door-v"}
stones["+"]=cell{stone="st-floppy"}
stones[","]=cell{stone="st-rubberband"}
stones["-"]=cell{stone="st-rock4"}
stones["."]=cell{stone="st-thief"}

function ac_blackball(x,y)
    n=""
    p=0
    f=0
    if (x==23) and (y==18) then
        n="ac23x18"
        p=0
        mf=1.66666666666667
    end
    set_actor("ac-blackball",x+0.5,y+0.5,{player=p,name=n,mouseforce=mf})
end

actors["!"]=cell{parent={{ac_blackball}}}
cells["1"]=cell{floor="fl-space"}
stones["/"]=cell{stone="st-turnstile-n"}
stones["0"]=cell{stone="st-turnstile"}
stones["1"]=cell{stone="st-turnstile-s"}
items["'"]=cell{item="it-coin4"}
stones["2"]=cell{stone="st-turnstile-w"}
stones["3"]=cell{stone="st-turnstile-e"}
items["("]=cell{item="it-floppy"}
stones["4"]=cell{stone="st-oneway-e"}
stones["5"]=cell{stone="st-rock5"}
stones["6"]=cell{stone="st-scissors"}

function ac_top(x,y)
    n=""
    r=0
    f=0
    init=false
    if (x==37) and (y==18) then
        n="ac37x18"
        r=10
        f=100
        init=FALSE
    end
    set_actor("ac-top",x+0.5,y+0.5,{range=r,force=f,name=n,gohome=init})
end

actors["#"]=cell{parent={{ac_top}}}
stones["7"]=cell{stone="st-coinslot"}
stones["8"]=cell{stone="st-black4"}
stones["9"]=cell{stone="st-rock1"}

function ac_whiteball(x,y)
    n=""
    p=0
    f=0
    if (x==40) and (y==2) then
        n="ac40x2"
        p=1
        mf=1.66666666666667
    end
    set_actor("ac-whiteball",x+0.5,y+0.5,{player=p,name=n,mouseforce=mf})
end

actors["$"]=cell{parent={{ac_whiteball}}}
stones[":"]=cell{stone="st-puzzle2-ew"}
items[")"]=cell{item="it-magicwand"}
stones[";"]=cell{stone="st-puzzle2-ns"}
stones["<"]=cell{stone="st-puzzle2-nw"}
stones["="]=cell{stone="st-puzzle2-e"}
stones[">"]=cell{stone="st-puzzle2-s"}
stones["?"]=cell{stone="st-likeoxydd"}
stones["@"]=cell{stone="st-white4"}
stones["A"]=cell{stone="st-bolder-s"}
stones["B"]=cell{stone="st-death"}
stones["C"]=cell{stone="st-mirror-p\\"}
stones["D"]=cell{stone="st-mirror-3<"}
stones["E"]=cell{stone="st-laser-n"}
stones["F"]=cell{stone="st-switch_white"}
stones["G"]=cell{stone="st-mirror-p-"}
stones["H"]=cell{stone="st-glass"}
stones["I"]=cell{stone="st-mirror-p/"}
stones["J"]=cell{stone="st-rock1_move"}
stones["K"]=cell{stone="st-mirror-p|"}
stones["L"]=cell{stone="st-stoneimpulse"}
stones["M"]=cell{stone="st-flash"}

level={"!!!!!!!!!!!!!!!!!!!#######################################",
       "!!!!!!!!!!!!!!!!!!!#######################################",
       "!!&&!****!!!!!!###!#######################################",
       "!!&&!!***!!!!!!###!#####1#################################",
       "!!&!!!!!!!!###!!########1#11###111########################",
       "!!&!!!!!!!!###!!########111##1#111########################",
       "!!&&!!+-!!!!!!!!########111##11111########################",
       "!!&&!!,.!!!!!!!!########111##1#111########################",
       "!!!!!##!!!!!!!!!#!######1#11###111###1####################",
       "!!!!!##!!!!!!00!!!!#####1############1####################",
       "!$'!!!!!///!!000!!!##################1####################",
       "!%()!!!////!!!00!!!#######################################",
       "##########################################################",
       "##########################################################",
       "##########################################################",
       "##########################################################",
       "##########################################################",
       "##########################################################",
       "#################################!!!######################",
       "##########################################################",
       "##########################################################",
       "##########################################################",
       "##########################################################",
       "##########################################################",
       "##########################################################"}
acmap={"                                                          ",
       "                                                          ",
       "                                        $                 ",
       "                                                          ",
       "                                                          ",
       "                                                          ",
       "                                                          ",
       "                                                          ",
       "                                                          ",
       "                                                          ",
       "                                                          ",
       "                                                          ",
       "                                                          ",
       "                                                          ",
       "                                                          ",
       "                                                          ",
       "                                                          ",
       "                                                          ",
       "                       !             #                    ",
       "                                                          ",
       "                                                          ",
       "                                                          ",
       "                                                          ",
       "                                                          ",
       "                                                          "}
itmap={"                                                          ",
       "                                                          ",
       "     !                                                    ",
       "                !                                         ",
       "           !                 (            )               ",
       "                 &                                        ",
       "   !            #&         '                              ",
       "                $&                                        ",
       "                %            (                            ",
       "     !                                                    ",
       "          !                                               ",
       "   !                                                      ",
       "                                                          ",
       "                                                          ",
       "                                                          ",
       "                                                          ",
       "                           % %                            ",
       "                          % % %                           ",
       "                           % %                            ",
       "                          % % %                           ",
       "                           % %                            ",
       "                                                          ",
       "                                                          ",
       "                                                          ",
       "                                                          "}
stmap={"!!!!!!!!!!!!!!!!!!!!!!!!!!!!!!!!!!!!!!!!!!!!!!!!!!!!!!!!!!",
       "!                  !                 6!       !    G    I!",
       "!                  !                  *       ! B   IK   !",
       "!                ' !   . ..........   7     = ! !C      K!",
       "!                  !   . .  . .   .   !     : ! !  C   I !",
       "!               '  !   .    . .   5   !     ;!!@!D      C!",
       "!                ( *   .    &      ,  !  :;<>   !  HIHHG !",
       "!                  +   .    . .   5   !    !   A!    LH  !",
       "!                  !   . .  . .   . . !!!!!!!!!!!  9 99999",
       "!                  !   . .......... . ! ( ( (  (   9 9   9",
       "!                  !                . 8 (  (( ((   9 9 M 9",
       "!                  !                ..!( (  (  ( EF9     9",
       "!!!!!!!!!!!!!!!%!!!!!!!!!!!!!!!!!!!!!!!9999999999999J99999",
       "!                  ! *** *** *** ***  !                  9",
       "!   ########       ! !!!!!!!!!!!!!!!! !                  9",
       "!   #      ##  &   !                ! !                  9",
       "!   #    $  ###    !  -----203---   ! !         ?        9",
       "!   #         #    !( -   / 1 / 4   ! !                  9",
       "!   #  $   $  #    !  - - 03-20 -   ! 8       ?   ?      9",
       "!   #         #  ) !( -   1 / 1 4   ! !                  9",
       "!# ##    $  %%#  % !  -----203---   ! !         ?        9",
       "!   ############   !                ! !                  9",
       "!              #   ! !!!!!!!!!!!!!!!! !                  9",
       "!              #   ! *** *** *** ***  !                  9",
       "!!!!!!!!!!!!!!!!!!!!!!!!!!!!!!!!!!!!!!!9999999999999999999"}

create_world_by_map(level)
draw_map(0,0,stmap,stones)
draw_map(0,0,itmap,items)
draw_map(0,0,acmap,actors)

SetAttrib(enigma.GetItem(16,8),"invisible",FALSE)
SetAttrib(enigma.GetItem(26,17),"invisible",FALSE)
SetAttrib(enigma.GetItem(26,19),"invisible",FALSE)
SetAttrib(enigma.GetItem(27,16),"invisible",FALSE)
SetAttrib(enigma.GetItem(27,18),"invisible",FALSE)
SetAttrib(enigma.GetItem(27,20),"invisible",FALSE)
SetAttrib(enigma.GetItem(28,17),"invisible",FALSE)
SetAttrib(enigma.GetItem(28,19),"invisible",FALSE)
SetAttrib(enigma.GetItem(29,16),"invisible",FALSE)
SetAttrib(enigma.GetItem(29,18),"invisible",FALSE)
SetAttrib(enigma.GetItem(29,20),"invisible",FALSE)
SetAttrib(enigma.GetItem(30,17),"invisible",FALSE)
SetAttrib(enigma.GetItem(30,19),"invisible",FALSE)

Signal ("it(26 17)","st(21 13)")
Signal ("it(26 17)","st(21 23)")
Signal ("it(27 18)","st(22 13)")
Signal ("it(27 18)","st(22 23)")
Signal ("it(26 19)","st(23 13)")
Signal ("it(26 19)","st(23 23)")
Signal ("it(27 16)","st(25 13)")
Signal ("it(27 16)","st(25 23)")
Signal ("it(28 17)","st(26 13)")
Signal ("it(28 17)","st(26 23)")
Signal ("it(29 16)","st(27 13)")
Signal ("it(29 16)","st(27 23)")
Signal ("it(30 17)","st(29 13)")
Signal ("it(30 17)","st(29 23)")
Signal ("it(29 18)","st(30 13)")
Signal ("it(29 18)","st(30 23)")
Signal ("it(30 19)","st(31 13)")
Signal ("it(30 19)","st(31 23)")
Signal ("it(29 20)","st(33 13)")
Signal ("it(29 20)","st(33 23)")
Signal ("it(28 19)","st(34 13)")
Signal ("it(28 19)","st(34 23)")
Signal ("it(27 20)","st(35 13)")
Signal ("it(27 20)","st(35 23)")
Signal ("st(50 11)","st(49 11)")
Signal ("st(19 7)","st(19 6)")
Signal ("st(38 3)","st(38 2)")
Signal ("it(16 8)","st(38 2)")

set_stone("st-rubberband",21,6,{name="r1"})

set_item("it-rubberband",21,5,{target="r1",length=7,strength=20})
set_item("it-rubberband",21,7,{target="r1",length=7,strength=10})

oxyd_shuffle()
    ]]></el:luamain>
    <el:i18n>
      <el:string el:key="title">
        <el:english el:translate="false"/>
      </el:string>
    </el:i18n>
  </el:protected>
</el:level>
