<?xml version="1.0" encoding="UTF-8" standalone="no" ?>
<index xmlns:xsi="http://www.w3.org/2001/XMLSchema-instance" xsi:noNamespaceSchemaLocation="index.xsd">

  <info enigma="1.10" group="Enigma" location="10700" network="false" owner="Enigma Team" release="1" revision="67" title="Enigma VI"/>

  <attributes/>

  <levels>
    <level _seq="1" _title="Welcome" _xpath="./welcometopack6_2" author="Raoul Bourquin" ctrl="force" easy="true" id="welcometopack6" rel="2" rev="1" score="1" target="time" unit="duration"/>
    <level _seq="2" _title="Toreador" _xpath="./ral02_1" author="Ronald Lamprecht" ctrl="force" easy="true" id="20060213ral004" rel="1" rev="43" score="1" target="time" unit="duration"/>
    <level _seq="3" _title="Just another pretty level" _xpath="./edward26_1" author="Edward" ctrl="force" easy="true" id="edward26" rel="1" rev="1" score="1" target="time" unit="duration"/>
    <level _seq="4" _title="A-way" _xpath="./richi06_2" author="Richi Bützer" ctrl="force" easy="true" id="richi06" rel="2" rev="4" score="1" target="time" unit="duration"/>
    <level _seq="5" _title="Pac Marble" _xpath="./andreas22_1" author="Andreas Lochmann" ctrl="force" easy="false" id="andreas22" rel="1" rev="1" score="1" target="time" unit="duration"/>
    <level _seq="6" _title="Laser Splitting" _xpath="./luc29_2" author="Lukas Schüller" ctrl="force" easy="false" id="luc29" rel="2" rev="3" score="1" target="time" unit="duration"/>
    <level _seq="7" _title="No Memory" _xpath="./edward01_1" author="Edward" ctrl="force" easy="false" id="edward01" rel="1" rev="1" score="1" target="time" unit="duration"/>
    <level _seq="8" _title="Orbitting" _xpath="./andreas26_2" author="Andreas Lochmann" ctrl="force" easy="true" id="andreas26" rel="2" rev="2" score="1" target="time" unit="duration"/>
    <level _seq="9" _title="Im-pull-se" _xpath="./ralf07_3" author="Ralf Westram" ctrl="force" easy="false" id="ralf07" rel="3" rev="2" score="3" target="time" unit="duration"/>
    <level _seq="10" _title="Meditation Disturbance" _xpath="./ral04_2" author="Ronald Lamprecht" ctrl="force" easy="true" id="20060429ral006" rel="2" rev="143" score="1" target="time" unit="duration"/>
    <level _seq="11" _title="Cold Way" _xpath="./raoul21_2" author="Raoul Bourquin" ctrl="force" easy="true" id="raoul21" rel="2" rev="2" score="2" target="time" unit="duration"/>
    <level _seq="12" _title="Oxydmoron" _xpath="./raoul14_2" author="Raoul Bourquin" ctrl="force" easy="true" id="raoul14" rel="2" rev="3" score="2" target="time" unit="duration"/>
    <level _seq="13" _title="Rhapsody on Cracks" _xpath="./ral06_2" author="Ronald Lamprecht" ctrl="force" easy="true" id="20060510ral008" rel="2" rev="189" score="2" target="time" unit="duration"/>
    <level _seq="14" _title="Red Herrings" _xpath="./andy01_3" author="Andy Geldmacher" ctrl="force" easy="false" id="20070116money001" rel="3" rev="1" score="3" target="time" unit="duration"/>
    <level _seq="15" _title="Step gently!" _xpath="./malla03_2" author="Manuel König" ctrl="force" easy="true" id="malla03" rel="2" rev="2" score="2" target="time" unit="duration"/>
    <level _seq="16" _title="Just Stay Calm" _xpath="./duffy116_1" author="Jacob Scott" ctrl="force" easy="false" id="duffy116" rel="1" rev="2" score="1" target="time" unit="duration"/>
    <level _seq="17" _title="Bomb raider" _xpath="./alain27_2" author="Alain Busser" ctrl="force" easy="true" id="alain27" rel="2" rev="1" score="1" target="time" unit="duration"/>
    <level _seq="18" _title="Evil" _xpath="./spaceman04_1" author="Spaceman" ctrl="force" easy="false" id="spaceman4" rel="1" rev="0" score="1" target="time" unit="duration"/>
    <level _seq="19" _title="Random space" _xpath="./edward21_1" author="Edward" ctrl="force" easy="true" id="edward21" rel="1" rev="1" score="1" target="time" unit="duration"/>
    <level _seq="20" _title="- Meditation -" _xpath="./alain25_2" author="Alain Busser + Raoul Bourquin" ctrl="force" easy="true" id="alain25" rel="2" rev="2" score="2" target="time" unit="duration"/>
    <level _seq="21" _title="Checkmate I" _xpath="./andreas29_2" author="Andreas Lochmann" ctrl="force" easy="false" id="andreas29" rel="2" rev="2" score="1" target="time" unit="duration"/>
    <level _seq="22" _title="Edwards Second Level" _xpath="./edward02_1" author="Edward" ctrl="force" easy="false" id="edward02" rel="1" rev="1" score="1" target="time" unit="duration"/>
    <level _seq="23" _title="Prepare Your Defense" _xpath="./duffy132_2" author="Jacob Scott" ctrl="force" easy="false" id="duffy132" rel="2" rev="2" score="2" target="time" unit="duration"/>
    <level _seq="24" _title="The Stable" _xpath="./andreas30_3" author="Andreas Lochmann" ctrl="force" easy="false" id="andreas30" rel="3" rev="3" score="2" target="time" unit="duration"/>
    <level _seq="25" _title="Oxydrings" _xpath="./raoul13_2" author="Raoul Bourquin" ctrl="force" easy="false" id="raoul13" rel="2" rev="3" score="1" target="time" unit="duration"/>
    <level _seq="26" _title="Dialers" _xpath="./edward05_1" author="Edward" ctrl="force" easy="true" id="edward05" rel="1" rev="1" score="1" target="time" unit="duration"/>
    <level _seq="27" _title="Persecution Mania" _xpath="./ral12_2" author="Ronald Lamprecht" ctrl="force" easy="true" id="20060911ral294" rel="2" rev="142" score="1" target="time" unit="duration"/>
    <level _seq="28" _title="Holes!" _xpath="./edward14_2" author="Edward" ctrl="force" easy="false" id="edward14" rel="2" rev="2" score="1" target="time" unit="duration"/>
    <level _seq="29" _title="Chessing Positions" _xpath="./raoul22_2" author="Raoul Bourquin" ctrl="force" easy="false" id="raoul22" rel="2" rev="2" score="2" target="time" unit="duration"/>
    <level _seq="30" _title="- Meditation -" _xpath="./raoul24_2" author="Raoul Bourquin" ctrl="force" easy="false" id="raoul24" rel="2" rev="1" score="1" target="time" unit="duration"/>
    <level _seq="31" _title="Zeus" _xpath="./raoul19_1" author="Raoul Bourquin" ctrl="force" easy="true" id="raoul19" rel="1" rev="5" score="1" target="time" unit="duration"/>
    <level _seq="32" _title="Sisyphus" _xpath="./nat13_2" author="Nat Pryce" ctrl="force" easy="false" id="nat13" rel="2" rev="2" score="1" target="time" unit="duration"/>
    <level _seq="33" _title="Ben Hur" _xpath="./ral13_2" author="Ronald Lamprecht" ctrl="force" easy="true" id="20061011ral390" rel="2" rev="166" score="2" target="time" unit="duration"/>
    <level _seq="34" _title="Troy" _xpath="./andreas37_2" author="Andreas Lochmann" ctrl="force" easy="false" id="andreas37" rel="2" rev="3" score="2" target="time" unit="duration"/>
    <level _seq="35" _title="Phaeton" _xpath="./andreas39_2" author="Andreas Lochmann" ctrl="force" easy="true" id="andreas39" rel="2" rev="2" score="1" target="time" unit="duration"/>
    <level _seq="36" _title="Procrustes" _xpath="./andreas34_2" author="Andreas Lochmann" ctrl="force" easy="false" id="andreas34" rel="2" rev="4" score="1" target="time" unit="duration"/>
    <level _seq="37" _title="Ariadne" _xpath="./andreas40_2" author="Andreas Lochmann" ctrl="force" easy="false" id="andreas40" rel="2" rev="3" score="2" target="time" unit="duration"/>
    <level _seq="38" _title="Janus" _xpath="./andreas38_2" author="Andreas Lochmann" ctrl="force" easy="false" id="andreas38" rel="2" rev="2" score="1" target="time" unit="duration"/>
    <level _seq="39" _title="Odyssey" _xpath="./ant39_2" author="Petr Machata" ctrl="force" easy="false" id="ant39" rel="2" rev="1" score="2" target="time" unit="duration"/>
    <level _seq="40" _title="- Meditation -" _xpath="./andreas36_2" author="Andreas Lochmann" ctrl="force" easy="false" id="andreas36" rel="2" rev="2" score="1" target="time" unit="duration"/>
    <level _seq="41" _title="Laserpowered" _xpath="./raoul20_2" author="Raoul Bourquin" ctrl="force" easy="true" id="raoul20" rel="2" rev="4" score="1" target="time" unit="duration"/>
    <level _seq="42" _title="Basketball" _xpath="./ral03_2" author="Ronald Lamprecht" ctrl="force" easy="true" id="20060213ral005" rel="2" rev="43" score="2" target="time" unit="duration"/>
    <level _seq="43" _title="Edwards Mountain" _xpath="./edward11_1" author="Edward" ctrl="force" easy="true" id="edward11" rel="1" rev="1" score="1" target="time" unit="duration"/>
    <level _seq="44" _title="Dancing on Light Beams" _xpath="./andreas28_3" author="Andreas Lochmann" ctrl="force" easy="true" id="andreas28" rel="3" rev="3" score="2" target="time" unit="duration"/>
    <level _seq="45" _title="Wormhole Madness!" _xpath="./edward24_2" author="Edward" ctrl="force" easy="false" id="edward24" rel="2" rev="2" score="1" target="time" unit="duration"/>
    <level _seq="46" _title="Alcatraz" _xpath="./ralf14_2" author="Ralf Westram" ctrl="force" easy="true" id="ralf14" rel="2" rev="2" score="1" target="time" unit="duration"/>
    <level _seq="47" _title="Chess, Bugs &amp; Rock'n'Roll" _xpath="./andreas31_2" author="Andreas Lochmann" ctrl="force" easy="false" id="andreas31" rel="2" rev="12" score="1" target="time" unit="duration"/>
    <level _seq="48" _title="Oil Trace" _xpath="./raoul25_2" author="Raoul Bourquin" ctrl="force" easy="false" id="raoul25" rel="2" rev="2" score="2" target="time" unit="duration"/>
    <level _seq="49" _title="Simple Space" _xpath="./ulf02_1" author="Ulf Stegemann" ctrl="force" easy="false" id="20060628ulf002" rel="1" rev="0" score="1" target="time" unit="duration"/>
    <level _seq="50" _title="Hot Meditation" _xpath="./ral08_2" author="Ronald Lamprecht" ctrl="force" easy="true" id="20060527ral010" rel="2" rev="167" score="1" target="time" unit="duration"/>
    <level _seq="51" _title="Just a Maze?" _xpath="./duffy12_1" author="Jacob Scott" ctrl="force" easy="false" id="duffy12" rel="1" rev="1" score="1" target="time" unit="duration"/>
    <level _seq="52" _title="Checkmate II" _xpath="./andreas35_2" author="Andreas Lochmann" ctrl="force" easy="false" id="andreas35" rel="2" rev="10" score="1" target="time" unit="duration"/>
    <level _seq="53" _title="Bodyguard" _xpath="./ral10_2" author="Ronald Lamprecht" ctrl="force" easy="true" id="20060730ral012" rel="2" rev="161" score="1" target="time" unit="duration"/>
    <level _seq="54" _title="be quick or be dead" _xpath="./illmind12_2" author="illmind" ctrl="force" easy="true" id="illmind12" rel="2" rev="1" score="1" target="time" unit="duration"/>
    <level _seq="55" _title="Puzzle Puzzles" _xpath="./raoul26_2" author="Raoul Bourquin" ctrl="force" easy="true" id="raoul26" rel="2" rev="31" score="2" target="time" unit="duration"/>
    <level _seq="56" _title="Tarzan" _xpath="./ulf03_1" author="Ulf Stegemann" ctrl="force" easy="true" id="20060629ulf003" rel="1" rev="0" score="1" target="time" unit="duration"/>
    <level _seq="57" _title="Counterclockwise" _xpath="./ulf05_2" author="Ulf Stegemann" ctrl="force" easy="true" id="20070126ulf020" rel="2" rev="99" score="1" target="time" unit="duration"/>
    <level _seq="58" _title="Chess and Boxes" _xpath="./johannes01_2" author="Johannes Laire" ctrl="force" easy="false" id="20061201johannes313" rel="2" rev="2" score="1" target="time" unit="duration"/>
    <level _seq="59" _title="Walk the line" _xpath="./erich02_1" author="Erich Schubert" ctrl="force" easy="true" id="erich02" rel="1" rev="0" score="1" target="time" unit="duration"/>
    <level _seq="60" _title="Jump into Meditation" _xpath="./ral07_2" author="Ronald Lamprecht" ctrl="force" easy="true" id="20060525ral009" rel="2" rev="190" score="1" target="time" unit="duration"/>
    <level _seq="61" _title="River of Challenges" _xpath="./luc33_1" author="Lukas Schüller" ctrl="force" easy="true" id="luc332006" rel="1" rev="5" score="1" target="time" unit="duration"/>
    <level _seq="62" _title="Hot Hurdle Race" _xpath="./ulf04_1" author="Ulf Stegemann" ctrl="force" easy="true" id="20070124ulf019" rel="1" rev="93" score="1" target="time" unit="duration"/>
    <level _seq="63" _title="Playing with Lasers" _xpath="./just09_3" author="JuSt" ctrl="force" easy="false" id="just09_1" rel="3" rev="4" score="2" target="time" unit="duration"/>
    <level _seq="64" _title="Rotor Guards" _xpath="./duffy144_1" author="Jacob Scott" ctrl="force" easy="false" id="duffy144" rel="1" rev="2" score="1" target="time" unit="duration"/>
    <level _seq="65" _title="Knight's Journey" _xpath="./johannes02_2" author="Johannes Laire" ctrl="force" easy="false" id="20061210johannes313" rel="2" rev="1" score="1" target="time" unit="duration"/>
    <level _seq="66" _title="A Cooler Spot in Hell" _xpath="./andreas43_4" author="Andreas Lochmann" ctrl="force" easy="false" id="andreas43" rel="4" rev="7" score="3" target="time" unit="duration"/>
    <level _seq="67" _title="Check the light" _xpath="./just10_4" author="JuSt" ctrl="force" easy="false" id="just10" rel="4" rev="9" score="3" target="time" unit="duration"/>
    <level _seq="68" _title="The Passage" _xpath="./just11_2" author="JuSt" ctrl="force" easy="false" id="just11" rel="2" rev="9" score="1" target="time" unit="duration"/>
    <level _seq="69" _title="Devil's Bolder" _xpath="./just14_1" author="JuSt" ctrl="force" easy="true" id="just14" rel="1" rev="3" score="1" target="time" unit="duration"/>
    <level _seq="70" _title="Twisting by the pool" _xpath="./alain23_2" author="Alain Busser" ctrl="force" easy="true" id="alain23" rel="2" rev="1" score="1" target="time" unit="duration"/>
    <level _seq="71" _title="Revolver" _xpath="./ral16_2" author="Ronald Lamprecht" ctrl="force" easy="true" id="20070214ral703" rel="2" rev="186" score="1" target="time" unit="duration"/>
    <level _seq="72" _title="Same Task ..." _xpath="./raoul29_1" author="Raoul Bourquin" ctrl="force" easy="true" id="raoul29" rel="1" rev="12" score="1" target="time" unit="duration"/>
    <level _seq="73" _title="ZigZag" _xpath="./ralf06_2" author="Ralf Westram" ctrl="force" easy="true" id="ralf06" rel="2" rev="4" score="2" target="time" unit="duration"/>
    <level _seq="74" _title="Houdini" _xpath="./ral11_3" author="Ronald Lamprecht" ctrl="force" easy="true" id="20060816ral719" rel="3" rev="148" score="2" target="time" unit="duration"/>
    <level _seq="75" _title="The wrong Place?" _xpath="./just17_2" author="JuSt" ctrl="force" easy="false" id="just17" rel="2" rev="2" score="2" target="time" unit="duration"/>
    <level _seq="76" _title="Idempotency" _xpath="./duffy145_2" author="Jacob Scott" ctrl="force" easy="false" id="duffy145" rel="2" rev="2" score="1" target="time" unit="duration"/>
    <level _seq="77" _title="Turnstiles for Two" _xpath="./ral17_4" author="Ronald Lamprecht" ctrl="force" easy="true" id="20070314ral189" rel="4" rev="191" score="4" target="time" unit="duration"/>
    <level _seq="78" _title="jumping ball flash" _xpath="./illmind13_1" author="illmind" ctrl="force" easy="false" id="2007ill001" rel="1" rev="3" score="1" target="time" unit="duration"/>
    <level _seq="79" _title="Quadropolis" _xpath="./cel1_1" author="Johannes Laire, Jacob Scott, Raoul Bourquin, Andreas Lochmann" ctrl="force" easy="false" id="cel2007_364" rel="1" rev="2" score="1" target="time" unit="duration"/>
    <level _seq="80" _title="- Meditation -" _xpath="./raoul18_1" author="Raoul Bourquin" ctrl="force" easy="true" id="raoul18" rel="1" rev="0" score="1" target="time" unit="duration"/>
    <level _seq="81" _title="Magic Trinity" _xpath="./duffy146_2" author="Jacob Scott" ctrl="force" easy="false" id="duffy146" rel="2" rev="2" score="1" target="time" unit="duration"/>
    <level _seq="82" _title="Pontoon Bridges" _xpath="./duffy137_2" author="Jacob Scott" ctrl="force" easy="false" id="duffy137" rel="2" rev="3" score="1" target="time" unit="duration"/>
    <level _seq="83" _title="The Cube" _xpath="./malaire01_1" author="Markus Laire" ctrl="force" easy="true" id="20061120malaire901" rel="1" rev="1" score="1" target="time" unit="duration"/>
    <level _seq="84" _title="Blitz Chess" _xpath="./luc32_1" author="Lukas Schüller" ctrl="force" easy="false" id="luc322006" rel="1" rev="3" score="1" target="time" unit="duration"/>
    <level _seq="85" _title="One-Way Woods" _xpath="./duffy135_2" author="Jacob Scott" ctrl="force" easy="false" id="duffy135" rel="2" rev="2" score="1" target="time" unit="duration"/>
    <level _seq="86" _title="Tandem Chess" _xpath="./luc34_2" author="Lukas Schüller" ctrl="force" easy="false" id="luc342007" rel="2" rev="3" score="1" target="time" unit="duration"/>
    <level _seq="87" _title="Your Friend, the Light" _xpath="./just15_1" author="JuSt" ctrl="force" easy="true" id="just15" rel="1" rev="3" score="1" target="time" unit="duration"/>
    <level _seq="88" _title="Correspondence Chess" _xpath="./luc35_3" author="Lukas Schüller" ctrl="force" easy="true" id="luc352007" rel="3" rev="5" score="3" target="time" unit="duration"/>
    <level _seq="89" _title="Magic Triangle" _xpath="./just13_1" author="JuSt" ctrl="force" easy="false" id="just13" rel="1" rev="2" score="1" target="time" unit="duration"/>
    <level _seq="90" _title="Group Trip to Meditation" _xpath="./duffy136_1" author="Jacob Scott" ctrl="force" easy="false" id="duffy136" rel="1" rev="2" score="1" target="time" unit="duration"/>
    <level _seq="91" _title="Twokoban I" _xpath="./raoul28_2" author="Raoul Bourquin" ctrl="force" easy="true" id="raoul28" rel="2" rev="1" score="1" target="time" unit="duration"/>
    <level _seq="92" _title="Oxyd Drilling" _xpath="./duffy140_2" author="Jacob Scott" ctrl="force" easy="false" id="duffy140" rel="2" rev="2" score="1" target="time" unit="duration"/>
    <level _seq="93" _title="Parish Fair" _xpath="./duffy143_1" author="Jacob Scott" ctrl="force" easy="false" id="duffy143" rel="1" rev="3" score="1" target="time" unit="duration"/>
    <level _seq="94" _title="In the Middle" _xpath="./duffy141_1" author="Jacob Scott" ctrl="force" easy="false" id="duffy141" rel="1" rev="1" score="1" target="time" unit="duration"/>
    <level _seq="95" _title="Pleasure Garden" _xpath="./duffy134_1" author="Jacob Scott" ctrl="force" easy="false" id="duffy134" rel="1" rev="5" score="1" target="time" unit="duration"/>
    <level _seq="96" _title="Construction Workers" _xpath="./duffy142_2" author="Jacob Scott" ctrl="force" easy="false" id="duffy142" rel="2" rev="4" score="1" target="time" unit="duration"/>
    <level _seq="97" _title="City Life" _xpath="./joona03_1" author="Joona Laire" ctrl="force" easy="true" id="20061119joona503" rel="1" rev="0" score="1" target="time" unit="duration"/>
    <level _seq="98" _title="Industrial Puzzles" _xpath="./raoul30_3" author="Raoul Bourquin" ctrl="force" easy="false" id="raoul30" rel="3" rev="8" score="2" target="time" unit="duration"/>
    <level _seq="99" _title="Polar Bears' Paradise" _xpath="./ral19_2" author="Ronald Lamprecht" ctrl="force" easy="true" id="20070314ral394" rel="2" rev="185" score="1" target="time" unit="duration"/>
    <level _seq="100" _title="The Aztec Temple" _xpath="./zogga01_2" author="Dominik Lehmann" ctrl="force" easy="true" id="zogga01" rel="2" rev="2" score="2" target="time" unit="duration"/>
  </levels>

</index>
