<?xml version="1.0" encoding="UTF-8" standalone="no" ?>
<el:level xmlns:xsi="http://www.w3.org/2001/XMLSchema-instance" xsi:schemaLocation="http://enigma-game.org/schema/level/1 level.xsd" xmlns:el="http://enigma-game.org/schema/level/1">
  <el:protected>
    <el:info el:type="level">
      <el:identity el:title="Playing with Lasers" el:subtitle="" el:id="just09_1"/>
      <el:version el:score="2" el:release="3" el:revision="4" el:status="released"/>
      <el:author el:name="JuSt" el:email="" el:homepage=""/>
      <el:copyright>Copyright © 2005 JuSt</el:copyright>
      <el:license el:type="GPL v2.0 or above" el:open="true"/>
      <el:compatibility el:enigma="1.10"/>
      <el:modes el:easy="false" el:single="true" el:network="false"/>
      <el:score el:easy="-" el:difficult="0:26"/>
    </el:info>
    <el:luamain><![CDATA[
wo["ConserveLevel"] = false

ti[" "] = {"fl_rock"}
ti["~"] = {"fl_water"}
ti["#"] = {"st_granite"}
ti["X"] = {"st_grate", flavor="cross"}
ti["G"] = {"st_rawglass"}
ti["H"] = {"st_rawglass_movable"}
ti["I"] = {"st_stoneimpulse"}
ti["J"] = {"st_stoneimpulse_movable"}
ti["+"] = {"st_box"}
ti["P"] = {"st_lightpassenger"}
ti["M"] = {"st_mirror", flavor="slab", movable=true, orientation=VERTICAL}
ti["^"] = {"st_laser", state=ON, orientation=NORTH}
ti[">"] = {"st_laser", state=ON, orientation=EAST}
ti["V"] = {"st_laser", state=ON, orientation=SOUTH}
ti["<"] = {"st_laser", state=ON, orientation=WEST}
ti["L"] = {"st_laser", state=ON, orientation=EAST, name="laser"}
ti["m"] = {"it_magicwand"}
ti["t"] = {"it_trigger", target="laser", action="off"}
ti["O"] = {"st_oxyd"}
ti["@"] = ti["m"] .. {"#ac_marble_black"}

wo(ti, " ", {
    "#V##################",
    "#                  <",
    "# XXXXXXXXXXXXXXXX #",
    "# X       M        #",
    "# X          GGGGX #",
    "# XGGG    @ ~+JIGX #",
    "# XGOG       GHGGX #",
    "# XGGGXXXXXX   XXV #",
    ">   P              #",
    "# XXXXXXXXXX ####  #",
    "L XXXXXXXXXX   t#  #",
    "# XXXXXXXXXX #O >  #",
    "##################^#"})
 ]]></el:luamain>
    <el:i18n>
      <el:string el:key="title">
        <el:english el:translate="false"/>
      </el:string>
    </el:i18n>
  </el:protected>
</el:level>
