<?xml version="1.0" encoding="UTF-8" standalone="no" ?>
<el:level xmlns:xsi="http://www.w3.org/2001/XMLSchema-instance" xsi:schemaLocation="http://enigma-game.org/schema/level/1 level.xsd" xmlns:el="http://enigma-game.org/schema/level/1">
  <el:protected>
    <el:info el:type="level">
      <el:identity el:title="Oxydrings" el:subtitle="" el:id="raoul13"/>
      <el:version el:score="1" el:release="2" el:revision="3" el:status="released"/>
      <el:author  el:name="Raoul Bourquin" el:email="raoul@users.berlios.de" el:homepage=""/>
      <el:copyright>Copyright © 2006 Raoul Bourquin</el:copyright>
      <el:license el:type="GPL v2.0 or above" el:open="true"/>
      <el:compatibility el:enigma="1.10"/>
      <el:modes el:easy="false" el:single="true" el:network="false"/>
      <el:score el:easy="-" el:difficult="0:05"/>
    </el:info>
    <el:luamain><![CDATA[
ti["   "] = {"fl_abyss"}
ti["-  "] = {"fl_metal_7"}
ti["*  "] = {"st_puzzle", cluster=1}
ti[" d "] = {"fl_metal_7", name="floor%%"}
ti[" w "] = ti["-  "] .. {"it_wormhole", destination="floor%%", strength=0.0}
ti[" O "] = {"st_oxyd"}
ti["@  "] = {"#ac_marble_black"}

local resolver = res.composer(res.autotile(ti, {" d", " d "}, {" w", " w "}), "122")

wo(resolver, "   ", {
    "                                                            ",
    "                                                            ",
    "      *wa*d4*w1*                             *w8*d7*wc*     ",
    "      *d8-O -db*                             *du-O -d1*     ",
    "      *w5-dr@wr*  *  *  *  *  *  *  *  *  *  *wu-dd-w2*     ",
    "      *  *  *  *                             *  *  *  *     ",
    "            *                                   *           ",
    "            *                                   *           ",
    "      *w4*dc*ws*                             *wt*dt*w7*     ",
    "      *d3-O -ds*  *  *  *  *  *  *  *  *  *  *da-O -d6*     ",
    "      *wd-d5-w6*                             *w3-d2-wb*     ",
    "      *  *  *  *                             *  *  *  *     ",
    "                                                            "})

wo:shuffleOxyd()
 ]]></el:luamain>
    <el:i18n>
      <el:string el:key="title">
        <el:english el:translate="false"/>
      </el:string>
    </el:i18n>
  </el:protected>
</el:level>
