<?xml version="1.0" encoding="UTF-8" standalone="no" ?>
<el:level xmlns:xsi="http://www.w3.org/2001/XMLSchema-instance" xsi:schemaLocation="http://enigma-game.org/schema/level/1 level.xsd" xmlns:el="http://enigma-game.org/schema/level/1">
  <el:protected>
    <el:info el:type="level">
      <el:identity el:title="Movement 3" el:subtitle="" el:id="m_tutor/m_tut6"/>
      <el:version el:score="2" el:release="3" el:revision="2" el:status="released"/>
      <el:author  el:name="Martin Hawlisch" el:email="" el:homepage=""/>
      <el:copyright>Copyright © 2003 Martin Hawlisch</el:copyright>
      <el:license el:type="GPL version 2" el:open="true"/>
      <el:compatibility el:enigma="1.10">
      </el:compatibility>
      <el:modes el:easy="true" el:single="true" el:network="false"/>
      <el:comments>
        <el:code>API 2 version by Andreas, February 2009. Thanks to Martin for the clean code!</el:code>
      </el:comments>
      <el:score el:easy="-" el:difficult="-"/>
    </el:info>
    <el:luamain><![CDATA[

ti[" "] = {"fl_lawn_b"}
ti["3"] = {"fl_lawn_e1"}
ti["4"] = {"fl_lawn_e4"}
ti["5"] = {"fl_lawn_e1"}
ti["6"] = {"fl_lawn_e3"}
ti["#"] = {"st_fake_oxyda"}
ti["x"] = {"st_redfiber"}
ti["d"] = {"it_document", text = "text1"}
ti["o"] = {"#ac_marble"}
ti["0"] = {"st_oxyd", flavor = "d"}

if not wo["IsDifficult"] then 
    ti["X"] = ti[" "]
    ti["Q"] = ti["#"]
else
    ti["X"] = ti["x"]
    ti["Q"] = ti["0"]
end

wo(ti, " ", {
   "##Q####0####0####Q##",
   "#3546X3546x3546X354#",
   "046x3546X3546x3546 0",
   "#x3546X3546x3546x35#",
   "#546X3546X3546X3546#",
   "#6x3546x3546d3546X3#", 
   "#3546X3546o3546x354#",
   "#46X3546d3546d3546x#",
   "#x3546X3546X3546x35#",
   "#546X3546X3546X3546#",
   "06x3546x3546x3546X30",
   "#3546x3546X3546X354#",
   "##Q####0####0####Q##"})

wo:shuffleOxyd()

    ]]></el:luamain>
    <el:i18n>
      <el:string el:key="title">
        <el:english el:translate="false"/>
      </el:string>
      <el:string el:key="text1">
        <el:english el:translate="true">Take your time ...</el:english>
      </el:string> 
    </el:i18n>
  </el:protected>
</el:level>
