<?xml version="1.0" encoding="UTF-8" standalone="no" ?>
<el:level xmlns:xsi="http://www.w3.org/2001/XMLSchema-instance" xsi:schemaLocation="http://enigma-game.org/schema/level/1 level.xsd" xmlns:el="http://enigma-game.org/schema/level/1">
  <el:protected>
    <el:info el:type="level">
      <el:identity el:title="Oxyd Stones 2" el:subtitle="" el:id="m_tutor/m_tut2"/>
      <el:version el:score="2" el:release="3" el:revision="2" el:status="released"/>
      <el:author  el:name="Martin Hawlisch" el:email="" el:homepage=""/>
      <el:copyright>Copyright © 2003 Martin Hawlisch</el:copyright>
      <el:license el:type="GPL version 2" el:open="true"/>
      <el:compatibility el:enigma="1.10">
      </el:compatibility>
      <el:modes el:easy="true" el:single="true" el:network="false"/>
      <el:comments>
        <el:code>API 2 version by Andreas, February 2009. Thanks to Martin for the clean code!</el:code>
      </el:comments>
      <el:score el:easy="-" el:difficult="-"/>
    </el:info>
    <el:luamain><![CDATA[

ti[" "] = {"fl_lawn_b"}
ti["3"] = {"fl_lawn_c1"}
ti["4"] = {"fl_lawn_c2"}
ti["5"] = {"fl_lawn_c3"}
ti["6"] = {"fl_lawn_c4"}
ti["#"] = {"st_fake_oxyda"}
ti["d"] = {"it_document", text = "text1"}
ti["o"] = {"#ac_marble"}
ti["0"] = {"st_oxyd", flavor = "d"}

if not wo["IsDifficult"] then
    ti["Q"] = ti["#"]
else
    ti["Q"] = ti["0"]
end

wo(ti, " ", {
   "##Q####0####0####Q##",
   "#3546 3546 3546 354#",
   "046 3546 3546d3546 0",
   "# 3546 3546 3546 35#",
   "#546 3546 3546 3546#",
   "#6 3546d3546 3546 3#", 
   "#3546 3546o3546 354#",
   "#46 3546 3546 3546 #",
   "# 3546 3546 3546d35#",
   "#546 3546 3546 3546#",
   "06 3546 3546 3546 30",
   "#3546 3546 3546 354#",
   "##Q####0####0####Q##"})

wo:shuffleOxyd()

    ]]></el:luamain>
    <el:i18n>
      <el:string el:key="title">
        <el:english el:translate="false"/>
      </el:string>
      <el:string el:key="text1">
        <el:english el:translate="true">Remember the colors.</el:english>
      </el:string> 
    </el:i18n>
  </el:protected>
</el:level>
