<?xml version="1.0" encoding="UTF-8" standalone="no" ?>
<el:level xmlns:xsi="http://www.w3.org/2001/XMLSchema-instance" xsi:schemaLocation="http://enigma-game.org/schema/level/1 level.xsd" xmlns:el="http://enigma-game.org/schema/level/1">
  <el:protected>
    <el:info el:type="level">
      <el:identity el:title="Movement 5" el:subtitle="" el:id="m_tutor/m_tut8"/>
      <el:version el:score="2" el:release="3" el:revision="2" el:status="released"/>
      <el:author  el:name="Martin Hawlisch" el:email="" el:homepage=""/>
      <el:copyright>Copyright © 2003 Martin Hawlisch</el:copyright>
      <el:license el:type="GPL version 2" el:open="true"/>
      <el:compatibility el:enigma="1.10">
      </el:compatibility>
      <el:modes el:easy="true" el:single="true" el:network="false"/>
      <el:comments>
        <el:code>API 2 version by Andreas, February 2009. Thanks to Martin for the clean code!</el:code>
      </el:comments>
      <el:score el:easy="-" el:difficult="-"/>
    </el:info>
    <el:luamain><![CDATA[

ti[" "] = {"fl_lawn_b"}
ti["1"] = {"fl_lawn"}
ti["2"] = {"fl_lawn_c1"}
ti["3"] = {"fl_lawn_c2"}
ti["4"] = {"fl_lawn_c3"}
ti["5"] = {"fl_lawn_c4"}
ti["6"] = {"fl_lawn_d1"}
ti["7"] = {"fl_lawn_d2"}
ti["8"] = {"fl_lawn_d3"}
ti["9"] = {"fl_lawn_d4"}
ti["#"] = {"st_fake_oxyda"}
ti["d"] = {"it_document", text = "text1"}
ti["o"] = {"#ac_marble"}
ti["0"] = {"st_oxyd", flavor = "d"}

if not wo["IsDifficult"] then 
    ti["Q"] = ti["#"]
else
    ti["Q"] = ti["0"]
end

wo(ti, "1", {
   "##########################################################",
   "#       #                                        #       #",
   "0111114 # 21111111111111111111111111111111111114 # 2111110",
   "#11d111 # 16                                  81 # 111111#",
   "Q111111 # 1 ################################## 1 # 111111Q",
   "#111111 # 17                 #                91 # 111111#",
   "0111o11 # 311111111111111114 # 21111111111111115 # 1111110",
   "#111111 #                 81 # 16                # 111111#",
   "Q111111 ################## 1 # 1 ################# 111111Q",
   "#111d117                  91 # 17                 9111111#",
   "0111111111111111111111111115 # 311111111111111111111111110",
   "#                            #                           #",
   "##########################################################"})

wo:shuffleOxyd()

    ]]></el:luamain>
    <el:i18n>
      <el:string el:key="title">
        <el:english el:translate="false"/>
      </el:string>
      <el:string el:key="text1">
        <el:english el:translate="true">Levels can be larger than one screen.</el:english>
      </el:string> 
    </el:i18n>
  </el:protected>
</el:level>
