<?xml version="1.0" encoding="UTF-8" standalone="no" ?>
<el:level xmlns:xsi="http://www.w3.org/2001/XMLSchema-instance" xsi:schemaLocation="http://enigma-game.org/schema/level/1 level.xsd" xmlns:el="http://enigma-game.org/schema/level/1">
  <el:protected>
    <el:info el:type="level">
      <el:identity el:title="Floors 3" el:subtitle="" el:id="m_tutor/m_tut11"/>
      <el:version el:score="1" el:release="2" el:revision="2" el:status="released"/>
      <el:author  el:name="Martin Hawlisch" el:email="" el:homepage=""/>
      <el:copyright>Copyright © 2003 Martin Hawlisch</el:copyright>
      <el:license el:type="GPL version 2" el:open="true"/>
      <el:compatibility el:enigma="1.10">
      </el:compatibility>
      <el:modes el:easy="false" el:single="true" el:network="false"/>
      <el:comments>
        <el:code>API 2 version by Andreas, February 2009. Thanks to Martin for the clean code!</el:code>
      </el:comments>
      <el:score el:easy="-" el:difficult="-"/>
    </el:info>
    <el:luamain><![CDATA[

ti[" "] = {"fl_lawn"}
ti["1"] = {"fl_water"}
ti["#"] = {"st_fake_oxyda"}
ti["d"] = {"it_document", text = "text1"}
ti["o"] = {"#ac_marble"}
ti["0"] = {"st_oxyd", flavor = "d"}

wo(ti, " ", {
   "####################",
   "#o     d  11111    #",
   "#   d  11 11111    #",
   "#11111 11 11111  1 #",
   "#1111  11 11111  1 #",
   "#111  111 11111  1 #", 
   "#11  1111 1111  11 #",
   "#1  11         11  #",
   "#  11       1111   #",
   "0 11   d   1111    #",
   "#11       11    d  0",
   "#1       11        #",
   "##0########0########"})

wo:shuffleOxyd()

    ]]></el:luamain>
    <el:i18n>
      <el:string el:key="title">
        <el:english el:translate="false"/>
      </el:string>
      <el:string el:key="text1">
        <el:english el:translate="true">Careful - you can not swim in the water.</el:english>
      </el:string> 
    </el:i18n>
  </el:protected>
</el:level>
