<?xml version="1.0" encoding="UTF-8" standalone="no" ?>
<el:level xmlns:xsi="http://www.w3.org/2001/XMLSchema-instance" xsi:schemaLocation="http://enigma-game.org/schema/level/1 level.xsd" xmlns:el="http://enigma-game.org/schema/level/1">
  <el:protected>
    <el:info el:type="level">
      <el:identity el:title="Push and Pull" el:subtitle="Per.Oxyd 44" el:id="level1b"/>
      <el:version el:score="1" el:release="2" el:revision="1" el:status="released"/>
      <el:author el:name="Siegfried Fennig" el:email="" el:homepage=""/>
      <el:copyright>Copyright © 2003 Siegfried Fennig</el:copyright>
      <el:license el:type="GPL version 2" el:open="true"/>
      <el:compatibility el:enigma="1.20" el:engine="per.oxyd">
        <el:dependency el:path="lib/libpuzzle" el:id="lib/libpuzzle" el:release="3" el:preload="true"/>
      </el:compatibility>
      <el:modes el:easy="false" el:single="true" el:network="false"/>
      <el:comments>
        <el:code>New API converted by /dev/null, April 2013</el:code>
      </el:comments>
      <el:score el:easy="-" el:difficult="-"/>
    </el:info>
    <el:luamain><![CDATA[
ti["  "] = {"fl_hay"}
ti["~~"] = {"fl_abyss"}
ti["##"] = {"st_metal"}
ti["+"] = {"st_box"}
ti["P"] = {"st_puzzle", intensity=0}
ti["SS"] = {"st_shogun_s"}
ti["||"] = {"st_door_d", name="door", faces="ew"}
ti["oo"] = {"it_shogun_s", target="door"}
ti["OO"] = {"st_oxyd_b"}
ti["@@"] = {"#ac_marble_black", -0.5, 0.0}

wo(res.puzzle(ti, "P"), "  ", {
    "########################################",
    "##                              ##  OO##",
    "##                              ##    ##",
    "##        ####################  ##    ##",
    "##              Pe    ~~  Pc  Pb      ##",
    "##    @@    PfPj  Pl  ~~    PoPoPa    ##",
    "##                  Pe~~  Pi  PlPa    ##",
    "##        ##############  ########    ##",
    "##                    ##        ##    ##",
    "##                    ##        ##    ##",
    "##                    ##        ##    ##",
    "##                    ||  ooSS      OO##",
    "########################################"})
 ]]></el:luamain>
    <el:i18n>
      <el:string el:key="title">
        <el:english el:translate="false"/>
      </el:string>
    </el:i18n>
  </el:protected>
</el:level>
