<?xml version="1.0" encoding="UTF-8" standalone="no" ?>
<el:level xmlns:xsi="http://www.w3.org/2001/XMLSchema-instance" xsi:schemaLocation="http://enigma-game.org/schema/level/1 level.xsd" xmlns:el="http://enigma-game.org/schema/level/1">
  <el:protected>
    <el:info el:type="level">
      <el:identity el:title="- Meditation -" el:subtitle="Per.Oxyd Link 60" el:id="meditation17"/>
      <el:version el:score="2" el:release="3" el:revision="2" el:status="released"/>
      <el:author el:name="Siegfried Fennig" el:email="" el:homepage=""/>
      <el:copyright>Copyright © 2003 Siegfried Fennig</el:copyright>
      <el:license el:type="Donated to Enigma under the projects license" el:open="true"/>
      <el:compatibility el:enigma="1.20" el:engine="per.oxyd"/>
      <el:modes el:easy="false" el:single="true" el:network="true"/>
      <el:comments>
        <el:code>New API converted by /dev/null, April 2013</el:code>
      </el:comments>
      <el:score el:easy="-" el:difficult="-"/>
    </el:info>
    <el:luamain><![CDATA[
ti[" "] = {"fl_gray"}
ti["#"] = {"st_granite"}
ti["X"] = {"st_grate"}
ti["x"] = ti["X"] .. {"it_seed"}
ti["o"] = {"it_meditation"}
ti["b"] = {"#ac_pearl_white", name="pearlB", essential=INDISPENSABLE}
ti["w"] = {"#ac_pearl_white", name="pearlW", essential=INDISPENSABLE}
ti["@"] = {"#ac_marble_black", name="marbleB", essential=INDISPENSABLE}
ti["A"] = {"#ac_marble_white", name="marbleW", essential=INDISPENSABLE}

wo(ti, " ", {
    "####################",
    "#                  #",
    "#                  #",
    "#  XXXXXXXXXXXXXX  #",
    "#  X            X  #",
    "#  X            X  #",
    "#@ X  ob    wo  X A#",
    "#  X            X  #",
    "#  X            X  #",
    "#  xXXXXXXXXXXXXX  #",
    "#                  #",
    "#                  #",
    "####################"})

wo:add({"ot_rubberband", anchor1="marbleB", anchor2="pearlB", strength=16})
wo:add({"ot_rubberband", anchor1="pearlB", anchor2="pearlW", strength=12})
wo:add({"ot_rubberband", anchor1="pearlW", anchor2="marbleW", strength=16})
 ]]></el:luamain>
    <el:i18n>
      <el:string el:key="title">
        <el:english el:translate="false"/>
      </el:string>
    </el:i18n>
  </el:protected>
</el:level>
