<?xml version="1.0" encoding="UTF-8" standalone="no" ?>
<el:level xmlns:xsi="http://www.w3.org/2001/XMLSchema-instance" xsi:schemaLocation="http://enigma-game.org/schema/level/1 level.xsd" xmlns:el="http://enigma-game.org/schema/level/1">
  <el:protected>
    <el:info el:type="level">
      <el:identity el:title="Per.Oxyd Link 61" el:subtitle="Per.Oxyd Link 61" el:id="peroxyd2p61"/>
      <el:version el:score="1" el:release="2" el:revision="1" el:status="released"/>
      <el:author el:name="Raoul Bourquin" el:email="" el:homepage=""/>
      <el:copyright>Copyright © 2006 Raoul Bourquin</el:copyright>
      <el:license el:type="GPL v2.0 or above" el:open="true"/>
      <el:compatibility el:enigma="1.20" el:engine="per.oxyd"/>
      <el:modes el:easy="false" el:single="true" el:network="true"/>
      <el:comments>
        <el:code>New API converted by /dev/null, April 2013</el:code>
      </el:comments>
      <el:score el:easy="-" el:difficult="2:57"/>
    </el:info>
    <el:luamain><![CDATA[
ti[" "] = {"fl_mortar"}
ti["#"] = {"st_flat"}
ti["="] = {"st_flat_breakable"}
ti["B"] = {"st_passage_black", flavor="frame"}
ti["W"] = {"st_passage_white", flavor="frame"}
ti["+"] = {"st_puzzle", connections="nesw"}
ti["-"] = {"st_puzzle", connections="nesw", hollow=true}
ti["m"] = {"it_magicwand"}
ti["h"] = ti["W"] .. {"it_hammer"}
ti["s"] = ti["W"] .. {"it_seed"}
ti["O"] = {"st_oxyd", flavor="c"}
ti["@"] = {"#ac_marble_black", essential=INDISPENSABLE}
ti["A"] = {"#ac_marble_white", essential=INDISPENSABLE}

wo(ti, " ", {
    "#######################################",
    "#h      ####      B#                 +#",
    "OW  B++++++++++W  BO                 +O",
    "#W  B++++++++++W  B#   B++++++++++W  +#",
    "#W  B++-+-+-+++W  B#   B++-+-+-+++W   #",
    "# m@B+++++-++++WAm =   B+++++-++++W   #",
    "#W  B+++++++-++W  B#   B+++++++-++W   #",
    "#s  B+++-++++++W  B#   B+++-++++++W   #",
    "Os  B++++++++++W  BO                  O",
    "#s      ####      B#                  #",
    "#######################################"})

wo:shuffleOxyd()
 ]]></el:luamain>
    <el:i18n>
      <el:string el:key="title">
        <el:english el:translate="false"/>
      </el:string>
    </el:i18n>
  </el:protected>
</el:level>
