<?xml version="1.0" encoding="UTF-8" standalone="no" ?>
<el:level xmlns:xsi="http://www.w3.org/2001/XMLSchema-instance" xsi:schemaLocation="http://enigma-game.org/schema/level/1 level.xsd" xmlns:el="http://enigma-game.org/schema/level/1">
  <el:protected>
    <el:info el:type="level">
      <el:identity el:title="Serious Patching" el:subtitle="Per.Oxyd 73" el:id="level8f"/>
      <el:version el:score="1" el:release="2" el:revision="1" el:status="released"/>
      <el:author el:name="Siegfried Fennig" el:email="" el:homepage=""/>
      <el:copyright>Copyright © 2003 Siegfried Fennig</el:copyright>
      <el:license el:type="GPL version 2" el:open="true"/>
      <el:compatibility el:enigma="1.20" el:engine="per.oxyd">
      </el:compatibility>
      <el:modes el:easy="false" el:single="true" el:network="false"/>
      <el:comments>
        <el:code>New API converted by /dev/null, April 2013</el:code>
      </el:comments>
      <el:score el:easy="-" el:difficult="-"/>
    </el:info>
    <el:luamain><![CDATA[
ti[" "] = {"fl_himalaya"}
ti["~"] = {"fl_water"}
ti["#"] = {"st_purplemarble"}
ti["I"] = {"st_stoneimpulse"}
ti["+"] = {"st_box"}
ti["="] = {"st_plop"}
ti["-"] = {"st_door_d", name="doorA", faces="ns"}
ti["|"] = {"st_door_d", name="doorB", faces="ew"}
ti["_"] = {"st_door_d", name="doorC", faces="ns"}
ti[":"] = {"fl_bridge_bn", name="bridge#"}
ti["a"] = {"it_trigger", target="doorA"}
ti["b"] = {"it_trigger", target="doorB"}
ti["c"] = {"it_trigger", target={"doorC", "bridge#*"}}
ti["O"] = {"st_oxyd_d"}
ti["@"] = {"#ac_marble_black"}

wo(ti, " ", {
    "#O##########O#####O#",
    "#-I@  I    I I     #",
    "# |     I +I I   I #",
    "# ##I=III+ I I~#:I #",
    "#   I+  +  ~=I=I I:#",
    "# I I I II#I I I I #",
    "# I I I ~    I I I #",
    "# I I I I IIII I I #",
    "# I ~ I I     bI I #",
    "#aIII   I IIIII# I #",
    "#   I III   #~ + I #",
    "# I   I     =~ c I_#",
    "#O##O#############O#"})

wo:shuffleOxyd()
 ]]></el:luamain>
    <el:i18n>
      <el:string el:key="title">
        <el:english el:translate="false"/>
      </el:string>
    </el:i18n>
  </el:protected>
</el:level>
