<?xml version="1.0" encoding="UTF-8" standalone="no" ?>
<index xmlns:xsi="http://www.w3.org/2001/XMLSchema-instance" xsi:noNamespaceSchemaLocation="index.xsd">

  <info enigma="1.00" group="Déjà-vu" location="20300" network="false" owner="Enigma Team" release="1" revision="13" title="PerOxyd"/>

  <attributes/>

  <levels>
    <level _seq="1" _title="The Swing" _xpath="./peroxyd01_2" author="Daniel Heck" ctrl="force" easy="false" id="daniel2" rel="2" rev="1" score="1" target="time" unit="duration"/>
    <level _seq="2" _title="Handle With Care" _xpath="./peroxyd02_2" author="Martin Hawlisch" ctrl="force" easy="false" id="martin07" rel="2" rev="1" score="1" target="time" unit="duration"/>
    <level _seq="3" _title="Swoop" _xpath="./peroxyd03_2" author="Martin Hawlisch" ctrl="force" easy="false" id="martin01" rel="2" rev="1" score="1" target="time" unit="duration"/>
    <level _seq="4" _title="Open Sesame" _xpath="./peroxyd04_2" author="Daniel Heck" ctrl="force" easy="false" id="sesame" rel="2" rev="1" score="1" target="time" unit="duration"/>
    <level _seq="5" _title="Still Swapping?" _xpath="./peroxyd08_2" author="Ulf Stegemann" ctrl="force" easy="false" id="20060629ulf007" rel="2" rev="1" score="1" target="time" unit="duration"/>
    <level _seq="6" _title="Dangling" _xpath="./peroxyd09_2" author="Martin Hawlisch" ctrl="force" easy="false" id="martin69" rel="2" rev="1" score="1" target="time" unit="duration"/>
    <level _seq="7" _title="- Meditation -" _xpath="./peroxyd10_2" author="anonymous" ctrl="force" easy="false" id="meditation2" rel="2" rev="1" score="1" target="time" unit="duration"/>
    <level _seq="8" _title="Per.Oxyd 11" _xpath="./peroxyd11_3" author="Sven Siggelkow" ctrl="force" easy="false" id="ss_pox11" rel="3" rev="2" score="3" target="time" unit="duration"/>
    <level _seq="9" _title="Crush On You" _xpath="./peroxyd12_2" author="Martin Hawlisch" ctrl="force" easy="false" id="martin11" rel="2" rev="1" score="1" target="time" unit="duration"/>
    <level _seq="10" _title="Stinker" _xpath="./peroxyd13_2" author="Martin Hawlisch" ctrl="force" easy="false" id="martin18" rel="2" rev="1" score="1" target="time" unit="duration"/>
    <level _seq="11" _title="Many Rings" _xpath="./peroxyd15_2" author="Martin Hawlisch" ctrl="force" easy="false" id="martin09" rel="2" rev="1" score="1" target="time" unit="duration"/>
    <level _seq="12" _title="Room Of Mirrors" _xpath="./peroxyd16_2" author="Siegfried Fennig" ctrl="force" easy="false" id="level1d" rel="2" rev="1" score="1" target="time" unit="duration"/>
    <level _seq="13" _title="Snugly Packed" _xpath="./peroxyd17_2" author="Siegfried Fennig" ctrl="force" easy="false" id="siegfried85" rel="2" rev="1" score="1" target="time" unit="duration"/>
    <level _seq="14" _title="Yo-Yo" _xpath="./peroxyd18_2" author="Martin Hawlisch" ctrl="force" easy="false" id="martin72" rel="2" rev="1" score="1" target="time" unit="duration"/>
    <level _seq="15" _title="- Meditation -" _xpath="./peroxyd20_2" author="Daniel Heck" ctrl="force" easy="false" id="daniel3" rel="2" rev="1" score="1" target="time" unit="duration"/>
    <level _seq="16" _title="Physics 101" _xpath="./peroxyd21_2" author="Martin Hawlisch" ctrl="force" easy="false" id="martin50" rel="2" rev="1" score="1" target="time" unit="duration"/>
    <level _seq="17" _title="On the Beach" _xpath="./peroxyd24_2" author="Martin Hawlisch" ctrl="force" easy="false" id="martin16" rel="2" rev="1" score="1" target="time" unit="duration"/>
    <level _seq="18" _title="Per.Oxyd #27" _xpath="./peroxyd27_2" author="Ulf Stegemann" ctrl="force" easy="true" id="20060629ulf008" rel="2" rev="2" score="1" target="time" unit="duration"/>
    <level _seq="19" _title="Per.Oxyd 28" _xpath="./peroxyd28_2" author="Ulf Stegemann" ctrl="force" easy="false" id="20070104ulf016" rel="2" rev="96" score="1" target="time" unit="duration"/>
    <level _seq="20" _title="Per.Oxyd 29" _xpath="./peroxyd29_2" author="Ulf Stegemann" ctrl="force" easy="true" id="20061222ulf013" rel="2" rev="69" score="2" target="time" unit="duration"/>
    <level _seq="21" _title="- Meditation - " _xpath="./peroxyd30_2" author="Raoul Bourquin" ctrl="force" easy="true" id="peroxyd30" rel="2" rev="1" score="1" target="time" unit="duration"/>
    <level _seq="22" _title="- Meditation -" _xpath="./peroxyd40_2" author="Daniel Heck" ctrl="force" easy="false" id="daniel4" rel="2" rev="1" score="1" target="time" unit="duration"/>
    <level _seq="23" _title="Push and Pull" _xpath="./peroxyd44_2" author="Siegfried Fennig" ctrl="force" easy="false" id="level1b" rel="2" rev="1" score="1" target="time" unit="duration"/>
    <level _seq="24" _title="Find The Way Out" _xpath="./peroxyd46_2" author="Siegfried Fennig" ctrl="force" easy="false" id="level2c" rel="2" rev="1" score="1" target="time" unit="duration"/>
    <level _seq="25" _title="Hidden Treasure" _xpath="./peroxyd49_2" author="Siegfried Fennig" ctrl="force" easy="false" id="level6f" rel="2" rev="1" score="1" target="time" unit="duration"/>
    <level _seq="26" _title="- Meditation -" _xpath="./peroxyd50_2" author="Siegfried Fennig" ctrl="force" easy="false" id="siegfried73" rel="2" rev="1" score="1" target="time" unit="duration"/>
    <level _seq="27" _title="Precision" _xpath="./peroxyd53_2" author="Siegfried Fennig" ctrl="force" easy="false" id="siegfried93" rel="2" rev="2" score="2" target="time" unit="duration"/>
    <level _seq="28" _title="Cliffhanger" _xpath="./peroxyd54_2" author="Siegfried Fennig" ctrl="force" easy="false" id="level10f" rel="2" rev="1" score="1" target="time" unit="duration"/>
    <level _seq="29" _title="Per.Oxyd 55" _xpath="./peroxyd55_3" author="Sven Siggelkow" ctrl="force" easy="false" id="ss_pox55" rel="3" rev="2" score="3" target="time" unit="duration"/>
    <level _seq="30" _title="Roadblock" _xpath="./peroxyd58_2" author="Siegfried Fennig" ctrl="force" easy="false" id="level7b" rel="2" rev="1" score="1" target="time" unit="duration"/>
    <level _seq="31" _title="Per.Oxyd 62" _xpath="./peroxyd62_2" author="Raoul Bourquin" ctrl="force" easy="false" id="peroxyd62" rel="2" rev="3" score="1" target="time" unit="duration"/>
    <level _seq="32" _title="Serious Patching" _xpath="./peroxyd73_2" author="Siegfried Fennig" ctrl="force" easy="false" id="level8f" rel="2" rev="1" score="1" target="time" unit="duration"/>
    <level _seq="33" _title="One Single Try" _xpath="./peroxyd75_2" author="Siegfried Fennig" ctrl="force" easy="false" id="siegfried78" rel="2" rev="1" score="1" target="time" unit="duration"/>
    <level _seq="34" _title="Per.Oxyd 76" _xpath="./peroxyd76_2" author="Ulf Stegemann" ctrl="force" easy="true" id="20080109ulf028" rel="2" rev="105" score="1" target="time" unit="duration"/>
    <level _seq="35" _title="Plumbing" _xpath="./peroxyd79_2" author="Siegfried Fennig" ctrl="force" easy="false" id="level7e" rel="2" rev="1" score="1" target="time" unit="duration"/>
    <level _seq="36" _title="- Meditation -" _xpath="./peroxyd80_2" author="Daniel Heck" ctrl="force" easy="false" id="daniel5" rel="2" rev="1" score="1" target="time" unit="duration"/>
    <level _seq="37" _title="Break the Circle" _xpath="./peroxyd82_2" author="Siegfried Fennig" ctrl="force" easy="false" id="siegfried102" rel="2" rev="2" score="1" target="time" unit="duration"/>
    <level _seq="38" _title="Per.Oxyd 84" _xpath="./peroxyd84_2" author="Ulf Stegemann" ctrl="force" easy="true" id="20080111ulf034" rel="2" rev="94" score="1" target="time" unit="duration"/>
    <level _seq="39" _title="Per.Oxyd 88" _xpath="./peroxyd88_2" author="Raoul Bourquin" ctrl="force" easy="false" id="peroxyd88" rel="2" rev="1" score="1" target="time" unit="duration"/>
    <level _seq="40" _title="No Safety Net" _xpath="./peroxyd96_2" author="Siegfried Fennig" ctrl="force" easy="false" id="siegfried90" rel="2" rev="1" score="1" target="time" unit="duration"/>
    <level _seq="41" _title="Pipe Dreams" _xpath="./peroxyd99_2" author="Siegfried Fennig" ctrl="force" easy="false" id="level1e" rel="2" rev="1" score="1" target="time" unit="duration"/>
    <level _seq="42" _title="It Takes Two" _xpath="./peroxydlink01_2" author="Martin Hawlisch" ctrl="force" easy="false" id="martin43" rel="2" rev="1" score="1" target="time" unit="duration"/>
    <level _seq="43" _title="Oops, Sorry!" _xpath="./peroxydlink02_2" author="Siegfried Fennig" ctrl="force" easy="false" id="level7f" rel="2" rev="1" score="1" target="time" unit="duration"/>
    <level _seq="44" _title="Good Company" _xpath="./peroxydlink03_2" author="Siegfried Fennig" ctrl="force" easy="false" id="level10a" rel="2" rev="1" score="1" target="time" unit="duration"/>
    <level _seq="45" _title="Per.Oxyd Link 6" _xpath="./peroxydlink06_2" author="Raoul Bourquin" ctrl="force" easy="false" id="peroxyd2p6" rel="2" rev="3" score="1" target="time" unit="duration"/>
    <level _seq="46" _title="Per.Oxyd Link 13" _xpath="./peroxydlink13_2" author="Raoul Bourquin" ctrl="force" easy="false" id="peroxyd2p13" rel="2" rev="3" score="1" target="time" unit="duration"/>
    <level _seq="47" _title="Monolith" _xpath="./peroxydlink22_2" author="Siegfried Fennig" ctrl="force" easy="false" id="level10c" rel="2" rev="1" score="1" target="time" unit="duration"/>
    <level _seq="48" _title="Let Me Out!" _xpath="./peroxydlink44_2" author="Siegfried Fennig" ctrl="force" easy="false" id="siegfried92" rel="2" rev="1" score="1" target="time" unit="duration"/>
    <level _seq="49" _title="Crisscross" _xpath="./peroxydlink45_2" author="Martin Hawlisch" ctrl="force" easy="false" id="martin62" rel="2" rev="1" score="1" target="time" unit="duration"/>
    <level _seq="50" _title="Stay Open" _xpath="./peroxydlink48_3" author="Siegfried Fennig" ctrl="force" easy="false" id="siegfried94" rel="3" rev="2" score="2" target="time" unit="duration"/>
    <level _seq="51" _title="Everything Changes" _xpath="./peroxydlink56_2" author="Siegfried Fennig" ctrl="force" easy="false" id="level7d" rel="2" rev="1" score="1" target="time" unit="duration"/>
    <level _seq="52" _title="- Meditation -" _xpath="./peroxydlink60_3" author="Siegfried Fennig" ctrl="force" easy="false" id="meditation17" rel="3" rev="2" score="2" target="time" unit="duration"/>
    <level _seq="53" _title="Per.Oxyd Link 61" _xpath="./peroxydlink61_2" author="Raoul Bourquin" ctrl="force" easy="false" id="peroxyd2p61" rel="2" rev="1" score="1" target="time" unit="duration"/>
    <level _seq="54" _title="Per.Oxyd Link 64" _xpath="./peroxydlink64_2" author="Raoul Bourquin" ctrl="force" easy="false" id="peroxyd2p64" rel="2" rev="1" score="1" target="time" unit="duration"/>
    <level _seq="55" _title="No Trespassing" _xpath="./peroxydlink65_2" author="Siegfried Fennig" ctrl="force" easy="false" id="level7c" rel="2" rev="1" score="1" target="time" unit="duration"/>
    <level _seq="56" _title="Gardening Work" _xpath="./peroxydlink71_2" author="Siegfried Fennig" ctrl="force" easy="false" id="siegfried83" rel="2" rev="1" score="2" target="time" unit="duration"/>
    <level _seq="57" _title="Not That Way" _xpath="./peroxydlink76_2" author="Siegfried Fennig" ctrl="force" easy="false" id="siegfried86" rel="2" rev="1" score="1" target="time" unit="duration"/>
    <level _seq="58" _title="Snugly Packed II" _xpath="./peroxydlink77_2" author="Siegfried Fennig" ctrl="force" easy="false" id="siegfried87" rel="2" rev="1" score="1" target="time" unit="duration"/>
  </levels>

</index>
