<?xml version="1.0" encoding="UTF-8" standalone="no" ?>
<el:level xmlns:xsi="http://www.w3.org/2001/XMLSchema-instance" xsi:schemaLocation="http://enigma-game.org/schema/level/1 level.xsd" xmlns:el="http://enigma-game.org/schema/level/1">
  <el:protected>
    <el:info el:type="level">
      <el:identity el:title="Gardening Work" el:subtitle="Per.Oxyd Link 71" el:id="siegfried83"/>
      <el:version el:score="2" el:release="2" el:revision="1" el:status="released"/>
      <el:author el:name="Siegfried Fennig" el:email="" el:homepage=""/>
      <el:copyright>Copyright © 2003 Siegfried Fennig</el:copyright>
      <el:license el:type="GPL version 2" el:open="true"/>
      <el:compatibility el:enigma="1.20" el:engine="per.oxyd"/>
      <el:modes el:easy="false" el:single="true" el:network="true"/>
      <el:comments>
        <el:code>New API converted by /dev/null, April 2013</el:code>
      </el:comments>
      <el:score el:easy="-" el:difficult="-"/>
    </el:info>
    <el:luamain><![CDATA[
wo["ConserveLevel"] = false
wo["ProvideExtralifes"] = false

ti[" "] = {"fl_bluegreen"}
ti["~"] = {"fl_water"}
ti["#"] = {"st_purplemarble"}
ti["+"] = {"st_box"}
ti["B"] = {"st_passage_black"}
ti["W"] = {"st_passage_white"}
ti["<"] = {"st_oneway_w"}
ti[">"] = {"st_oneway_e"}
ti["V"] = {"st_oneway_s"}
ti["Q"] = {"st_swap"}
ti["-"] = {"st_mirror_slab", state=SOUTH, transparent=true}
ti["|"] = {"st_mirror_slab", state=NORTH, transparent=true}
ti["M"] = {"st_mirror_triangle", state=SOUTH}
ti["L"] = {"st_laser", name="laser", orientation=NORTH}
ti["_"] = {"it_trigger", target="trigger", action="signal"}
ti["T"] = {"st_turnstile"}
ti["8"] = {"st_turnstilearm_n"}
ti["6"] = {"st_turnstilearm_e"}
ti["2"] = {"st_turnstilearm_s"}
ti["4"] = {"st_turnstilearm_w"}
ti["o"] = {"it_meditation", state=MEDITATION_DENT}
ti["O"] = {"it_meditation"}
ti["u"] = {"it_meditation", state=MEDITATION_BUMP}
ti["U"] = {"it_meditation", state=MEDITATION_HILL}
ti["s"] = {"it_spade"}
ti["d"] = {"it_document", text="text1"}
ti["0"] = {"st_oxyd", flavor="d"}
ti["*"] = {"#ac_marble_white", essential=INDISPENSABLE}
ti["@"] = {"#ac_marble_black", essential=INDISPENSABLE}

wo(ti, " ", {
    "####################",
    "#######0-|M-0#######",
    "######~~~~~~~~######",
    "######## Bu ########",
    "######## #L ########",
    "######## ## ########",
    "###### >  Q >B######",
    "### s# #4TT6#V######",
    "###W+# < 2 O+B######",
    "### o### ## BB## 8 #",
    "###  oU  ## ####4T6#",
    "####    W##d@ * _2_#",
    "####################"})

wo:shuffleOxyd()
wo:add({"ot_counter", name="trigger", state=0, target="laser", action_1="off", action_2="on"})
 ]]></el:luamain>
    <el:i18n>
      <el:string el:key="title">
        <el:english el:translate="false"/>
      </el:string>
      <el:string el:key="text1">
        <el:english el:translate="true">Dig in ...</el:english>
      </el:string>
    </el:i18n>
  </el:protected>
</el:level>
