<?xml version="1.0" encoding="UTF-8" standalone="no" ?>
<el:level xmlns:xsi="http://www.w3.org/2001/XMLSchema-instance" xsi:schemaLocation="http://enigma-game.org/schema/level/1 level.xsd" xmlns:el="http://enigma-game.org/schema/level/1">
  <el:protected>
    <el:info el:type="level">
      <el:identity el:title="Good Company" el:subtitle="Per.Oxyd Link 3" el:id="level10a"/>
      <el:version el:score="1" el:release="2" el:revision="1" el:status="released"/>
      <el:author el:name="Siegfried Fennig" el:email="" el:homepage=""/>
      <el:copyright>Copyright © 2003 Siegfried Fennig</el:copyright>
      <el:license el:type="GPL version 2" el:open="true"/>
      <el:compatibility el:enigma="1.20" el:engine="per.oxyd"/>
      <el:modes el:easy="false" el:single="true" el:network="true"/>
      <el:comments>
        <el:code>New API converted by /dev/null, April 2013</el:code>
      </el:comments>
      <el:score el:easy="-" el:difficult="-"/>
    </el:info>
    <el:luamain><![CDATA[
ti[" "] = {"fl_samba"}
ti["#"] = {"st_purplemarble"}
ti["O"] = {"st_oxyd", flavor="c", name="oxydsBlack#"}
ti["0"] = {"st_oxyd", flavor="c", name="oxydsWhite#"}
ti["@"] = {"#ac_marble_black", name="black", essential=INDISPENSABLE}
ti["A"] = {"#ac_marble_white", name="white", essential=INDISPENSABLE}

wo(ti, " ", {
    "##########################################################",
    "#        0     0                                        0#",
    "#                                                   ######",
    "#                         ######A               #####    #",
    "#                      ####    ####        ######        #",
    "# 0                #####          ##########             #",
    "#                  #                  #                  #",
    "#             ##########          #####                O #",
    "#        ######        ####    ####                      #",
    "#    #####               @######                         #",
    "######                                                   #",
    "#O                                        O     O        #",
    "##########################################################"})

wo:shuffleOxyd({"oxydsBlack#*", max=0}, {"oxydsWhite#*", max=0})
wo:add({"ot_rubberband", anchor1="black", anchor2="white", strength=25})
 ]]></el:luamain>
    <el:i18n>
      <el:string el:key="title">
        <el:english el:translate="false"/>
      </el:string>
    </el:i18n>
  </el:protected>
</el:level>
