<?xml version="1.0" encoding="UTF-8" standalone="no" ?>
<el:level xmlns:xsi="http://www.w3.org/2001/XMLSchema-instance" xsi:schemaLocation="http://enigma-game.org/schema/level/1 level.xsd" xmlns:el="http://enigma-game.org/schema/level/1">
  <el:protected>
    <el:info el:type="level">
      <el:identity el:title="It Takes Two" el:subtitle="Per.Oxyd Link 1" el:id="martin43"/>
      <el:version el:score="1" el:release="2" el:revision="1" el:status="released"/>
      <el:author el:name="Martin Hawlisch" el:email="" el:homepage=""/>
      <el:copyright>Copyright © 2003 Martin Hawlisch</el:copyright>
      <el:license el:type="GPL version 2" el:open="true"/>
      <el:compatibility el:enigma="1.20" el:engine="per.oxyd"/>
      <el:modes el:easy="false" el:single="true" el:network="true"/>
      <el:comments>
        <el:code>New API converted by /dev/null, April 2013</el:code>
      </el:comments>
      <el:score el:easy="-" el:difficult="-"/>
    </el:info>
    <el:luamain><![CDATA[
ti[" "] = {"fl_wood"}
ti["#"] = {"st_greenbrown"}
ti["B"] = {"st_passage_black", flavor="frame"}
ti["W"] = {"st_passage_white", flavor="frame"}
ti["O"] = {"st_oxyd", flavor="d", name="oxydsBlack#"}
ti["0"] = {"st_oxyd", flavor="d", name="oxydsWhite#"}
ti["@"] = {"#ac_marble_black", essential=INDISPENSABLE}
ti["A"] = {"#ac_marble_white", essential=INDISPENSABLE}

wo(ti, " ", {
    "####################",
    "#WWW   WWWBBB   BBB#",
    "#W0W   W0WBOB   BOB#",
    "#WWW   WWWBBB   BBB#",
    "#                  #",
    "#   BBB      WWW   #",
    "#   BOB A  @ W0W   #",
    "#   BBB      WWW   #",
    "#                  #",
    "#BBB   BBBWWW   WWW#",
    "#BOB   BOBW0W   W0W#",
    "#BBB   BBBWWW   WWW#",
    "####################"})

wo:shuffleOxyd({"oxydsBlack#*", max=0}, {"oxydsWhite#*", max=0})
 ]]></el:luamain>
    <el:i18n>
      <el:string el:key="title">
        <el:english el:translate="false"/>
      </el:string>
    </el:i18n>
  </el:protected>
</el:level>
