<?xml version="1.0" encoding="UTF-8" standalone="no" ?>
<el:level xmlns:xsi="http://www.w3.org/2001/XMLSchema-instance" xsi:schemaLocation="http://enigma-game.org/schema/level/1 level.xsd" xmlns:el="http://enigma-game.org/schema/level/1">
  <el:protected>
    <el:info el:type="level">
      <el:identity el:title="Pipe Dreams" el:subtitle="Per.Oxyd 99" el:id="level1e"/>
      <el:version el:score="1" el:release="2" el:revision="1" el:status="released"/>
      <el:author el:name="Siegfried Fennig" el:email="" el:homepage=""/>
      <el:copyright>Copyright © 2003 Siegfried Fennig</el:copyright>
      <el:license el:type="GPL version 2" el:open="true"/>
      <el:compatibility el:enigma="1.20" el:engine="per.oxyd"/>
      <el:modes el:easy="false" el:single="true" el:network="false"/>
      <el:comments>
        <el:code>New API converted by /dev/null, April 2013</el:code>
      </el:comments>
      <el:score el:easy="-" el:difficult="-"/>
    </el:info>
    <el:luamain><![CDATA[
ti[" "] = {"fl_gray"}
ti["~"] = {"fl_abyss"}
ti["#"] = {"st_metal"}
ti["<"] = {"st_puzzle", connections="e"}
ti["-"] = {"st_puzzle", connections="ew"}
ti[">"] = {"st_puzzle", connections="w"}
ti["|"] = {"st_door_d", name="door", faces="ew"}
ti["_"] = {"it_trigger", target="door"}
ti["d"] = {"it_document", text="text1"}
ti["O"] = {"st_oxyd_b"}
ti["@"] = {"ac_marble_black"}

wo(ti, " ", {
    "####################",
    "#O       |         #",
    "#        #         #",
    "#      @ #  d      #",
    "#        #         #",
    "#   ->   #    O    #",
    "#        #         #",
    "##  ###  #         #",
    "# <-><-> #         #",
    "#        #         #",
    "#  ##    #         #",
    "#  _<~   #         #",
    "####################"})
 ]]></el:luamain>
    <el:i18n>
      <el:string el:key="title">
        <el:english el:translate="false"/>
      </el:string>
      <el:string el:key="text1">
        <el:english el:translate="true">... did it!</el:english>
        <el:translation el:lang="de">... geschafft!</el:translation>
      </el:string>
    </el:i18n>
  </el:protected>
</el:level>
