<?xml version="1.0" encoding="UTF-8" standalone="no" ?>
<el:level xmlns:xsi="http://www.w3.org/2001/XMLSchema-instance" xsi:schemaLocation="http://enigma-game.org/schema/level/1 level.xsd" xmlns:el="http://enigma-game.org/schema/level/1">
  <el:protected>
    <el:info el:type="level">
      <el:identity el:title="Find The Way Out" el:subtitle="Per.Oxyd 46" el:id="level2c"/>
      <el:version el:score="1" el:release="2" el:revision="1" el:status="released"/>
      <el:author el:name="Siegfried Fennig" el:email="" el:homepage=""/>
      <el:copyright>Copyright © 2003 Siegfried Fennig</el:copyright>
      <el:license el:type="GPL version 2" el:open="true"/>
      <el:compatibility el:enigma="1.20" el:engine="per.oxyd">
        <el:dependency el:path="lib/libpuzzle" el:id="lib/libpuzzle" el:release="3" el:preload="true"/>
      </el:compatibility>
      <el:modes el:easy="false" el:single="true" el:network="false"/>
      <el:comments>
        <el:code>New API converted by /dev/null, April 2013</el:code>
      </el:comments>
      <el:score el:easy="-" el:difficult="-"/>
    </el:info>
    <el:luamain><![CDATA[
ti["."] = {"fl_marble"}
ti[" "] = {"fl_inverse"}
ti["="] = {"st_plaster"}
ti["#"] = ti["."] .. ti["="]
ti["*"] = ti["."] .. ti[" "]
ti["P"] = {"st_puzzle", cluster=1, intensity=0}
ti["x"] = {"st_grate"}
ti["X"] = ti["."] .. ti["x"]
ti["S"] = {"st_swap"}
ti["O"] = {"st_oxyd_b"}
ti["0"] = ti["."] .. ti["O"]
ti["@"] = {"#ac_marble_black"}

wo(ti, " ", {
    "###############################################################################################################################################################################################",
    "#.............................................................................................................................................................................................#",
    "#.******************************........................................******************************...................................................************************************.#",
    "#.*XXXXXXXXXXXXXXXXXXXXXXXXXXXXXXXXXXXXXXXXXXXXXXXXXXXXXXXXXXXXXXXXXXXXXXXXXXXXXXXXXXXXXXXXXXXXXXXXXXXXXXXXXXXXXXXXXXXXXXXXXXXXXXXXXXXXXXXXXXXXXXXXXXXXXXXXXXXXXXXXXXXXXXXXXXXXXXXXXXXXXXXXX..#",
    "#.*X.......................................................................................................................................................................................X..#",
    "#.*X.......................................................................................................................................................................................X..#",
    "#.*X.......................................................................................................................................................................................X..#",
    "#.*X.......................................................................................................................................................................................X..#",
    "#.*X.......................................................................................................................................................................................X*.#",
    "#.*X.......................................................................................................................................................................................X*.#",
    "#.*X.............                                                                                                                        ..................................................X*.#",
    "#.*X.............           =                                                                                                            ..................................................X*.#",
    "#.*X.............  PPPPPPPPPPPPPPPPPPPP                                                                                                  ..................................................X*.#",
    "#.*X.............  P                  P                                                                                                  ..................................................X*.#",
    "#.*X.............  P                  P                                                                                                  ..................................................X*.#",
    "#.*X.............  P                  P                                                                                                  ..................................................X*.#",
    "#.*X.............  P  xxxxxxxxxxxxxx  P                                                                                                  ..................................................X*.#",
    "#.*X.............  P  x    SxSx    x  P                                                                                                  ..................................................X*.#",
    "#.*X............. =P  x @ OxSOSO   x  P  =                                                                                               ..................................................X*.#",
    "#.*X.............  P  x    SxSx    x  P                                                                                                  ..................................................X*.#",
    "#.*X.............  P  xxxxxxxxxxxxxx  P                                                                                                  ..................................................X*.#",
    "#.*X.............  P                  P                                                                                                  ..................................................X*.#",
    "#.*X.............  P                  P                                                                                                  ..................................................X*.#",
    "#.*X.............  P                  P                                                                                                  ..................................................X*.#",
    "#.*X.............  PPPPPPPPPPPPPPPPPPPP                                                                                                  ..................................................X*.#",
    "#.*X.............           =                                                                                                            ..................................................X*.#",
    "#.*X.............                                                                                                                        ..................................................X*.#",
    "#.*X.......................................................................................................................................................................................X*.#",
    "#.*X.......................................................................................................................................................................................X*.#",
    "#.*X.......................................................................................................................................................................................X*.#",
    "#.*X.......................................................................................................................................................................................X*.#",
    "#.*X.......................................................................................................................................................................................X*.#",
    "#.*X.......................................................................................................................................................................................X*.#",
    "#.*X.......................................................................................................................................................................................X*.#",
    "#.*X.......................................................................................................................................................................................X*.#",
    "#.*X.......................................................................................................................................................................................X*.#",
    "#.*X.......................................................................................................................................................................................X*.#",
    "#.*X.......................................................................................................................................................................................X*.#",
    "#.*X.......................................................................................................................................................................................X*.#",
    "#.*X.......................................................................................................................................................................................X*.#",
    "#.*X.......................................................................................................................................................................................X*.#",
    "#.*X.......................................................................................................................................................................................X*.#",
    "#.*X.......................................................................................................................................................................................X*.#",
    "#.*X.......................................................................................................................................................................................X*.#",
    "#.*X.......................................................................................................................................................................................X*.#",
    "#.*X.......................................................................................................................................................................................X*.#",
    "#.*X.......................................................................................................................................................................................X*.#",
    "#.*X.......................................................................................................................................................................................X*.#",
    "#.*X.......................................................................................................................................................................................X*.#",
    "#.*X.......................................................................................................................................................................................X*.#",
    "#.*X.......................................................................................................................................................................................X*.#",
    "#.*X.......................................................................................................................................................................................X*.#",
    "#.*X.......................................................................................................................................................................................X*.#",
    "#.*X.......................................................................................................................................................................................X*.#",
    "#.*X.......................................................................................................................................................................................X*.#",
    "#.*X.......................................................................................................................................................................................X*.#",
    "#.*X.......................................................................................................................................................................................X**#",
    "#.*XXXXXXXXXXXXXXXXXXXXXXXXXXXXXXXXXXXXXXXXXXXXXXXXXXXXXXXXXXXXXXXXXXXXXXXXXXXXXXXXXXXXXXXXXXXXXXXXXXXXXXXXXXXXXXXXXXXXXXXXXXXXXXXXXXXXXXXXXXXXXXXXXXXXXXXXXXXXXXXXXXXXXXXXXXXXXXXXXXXXXXXXX*0#",
    "#.*******************************************************************************************************************************************************************************************.#",
    "#.............................................................................................................................................................................................#",
    "###############################################################################################################################################################################################"})

wo:shuffleOxyd()
 ]]></el:luamain>
    <el:i18n>
      <el:string el:key="title">
        <el:english el:translate="false"/>
      </el:string>
    </el:i18n>
  </el:protected>
</el:level>
