<?xml version="1.0" encoding="UTF-8" standalone="no" ?>
<el:level xmlns:xsi="http://www.w3.org/2001/XMLSchema-instance" xsi:schemaLocation="http://enigma-game.org/schema/level/1 level.xsd" xmlns:el="http://enigma-game.org/schema/level/1">
  <el:protected>
    <el:info el:type="level">
      <el:identity el:title="Let Me Out!" el:subtitle="Per.Oxyd Link 44" el:id="siegfried92"/>
      <el:version el:score="1" el:release="2" el:revision="1" el:status="released"/>
      <el:author el:name="Siegfried Fennig" el:email="" el:homepage=""/>
      <el:copyright>Copyright © 2003 Siegfried Fennig</el:copyright>
      <el:license el:type="GPL version 2" el:open="true"/>
      <el:compatibility el:enigma="1.20" el:engine="per.oxyd"/>
      <el:modes el:easy="false" el:single="true" el:network="true"/>
      <el:comments>
        <el:code>New API converted by /dev/null, April 2013</el:code>
      </el:comments>
      <el:score el:easy="-" el:difficult="-"/>
    </el:info>
    <el:luamain><![CDATA[
wo["ConserveLevel"] = false
wo["ProvideExtralifes"] = false

ti[" "] = {"fl_rough"}
ti["~"] = {"fl_water"}
ti["#"] = {"st_greengray"}
ti["X"] = {"st_grate"}
ti["+"] = {"st_plop"}
ti["S"] = {"st_swap"}
ti["T"] = {"st_death"}
ti["8"] = {"st_turnstilearm_n"}
ti["5"] = {"st_turnstile"}
ti["2"] = {"st_turnstilearm_s"}
ti["o"] = {"it_meditation"}
ti["B"] = ti["o"] .. {"st_passage_black"}
ti["W"] = ti["o"] .. {"st_passage_white"}
ti["Q"] = {"st_fake_quake"}
ti["O"] = {"st_oxyd_b", name="oxydsBlack#"}
ti["0"] = {"st_oxyd_b", name="oxydsWhite#"}
ti["@"] = {"#ac_marble_black", essential=INDISPENSABLE}
ti["A"] = {"#ac_marble_white", essential=INDISPENSABLE}

wo(ti, " ", {
    "###############QTOT#",
    "#    #        XWoBoT",
    "#    #    ~~~ XoXoBO",
    "#    #    ~~~ XBoXoT",
    "#    8   ~~~~ XoXoW0",
    "#   #5  ~~~   XWoXoT",
    "#@   2~~~~    XoXoBO",
    "#  + #        XBoXoT",
    "#    W AS+    XoXoWQ",
    "#    #        XWoXoT",
    "#    #        XoXoBQ",
    "#    #        XBoWoT",
    "###############0T0T#"})

wo:shuffleOxyd({"oxydsBlack#*", max=0}, {"oxydsWhite#*", max=0})
 ]]></el:luamain>
    <el:i18n>
      <el:string el:key="title">
        <el:english el:translate="false"/>
      </el:string>
    </el:i18n>
  </el:protected>
</el:level>
