<?xml version="1.0" encoding="UTF-8" standalone="no" ?>
<el:level xmlns:xsi="http://www.w3.org/2001/XMLSchema-instance" xsi:schemaLocation="http://enigma-game.org/schema/level/1 level.xsd" xmlns:el="http://enigma-game.org/schema/level/1">
  <el:protected>
    <el:info el:type="level">
      <el:identity el:title="- Meditation -" el:subtitle="Per.Oxyd 10" el:id="meditation2"/>
      <el:version el:score="1" el:release="2" el:revision="1" el:status="released"/>
      <el:author el:name="anonymous" el:email="" el:homepage=""/>
      <el:copyright>Copyright ©</el:copyright>
      <el:license el:type="Donated to Enigma under the projects license" el:open="true"/>
      <el:compatibility el:enigma="1.20" el:engine="per.oxyd"/>
      <el:modes el:easy="false" el:single="true" el:network="false"/>
      <el:comments>
        <el:code>New API converted by /dev/null, April 2013</el:code>
      </el:comments>
      <el:score el:easy="-" el:difficult="-"/>
    </el:info>
    <el:luamain><![CDATA[
wo["ProvideExtralifes"] = false

ti[" "] = {"fl_sand"}
ti["."] = {"fl_gray"}
ti["~"] = {"fl_water"}
ti["o"] = {"it_meditation"}
ti["1"] = {"#ac_pearl_white",  0.2,  0.2, essential=INDISPENSABLE}
ti["2"] = {"#ac_pearl_white", -0.2,  0.2, essential=INDISPENSABLE}
ti["3"] = {"#ac_pearl_white",  0.2, -0.2, essential=INDISPENSABLE}
ti["4"] = {"#ac_pearl_white", -0.2, -0.2, essential=INDISPENSABLE}

wo(ti, " ", {
    "~~~~~~~~~~~~~~~~~~~~",
    "~~~~~~~~~~~~~~~~~~~~",
    "~~................~~",
    "~~.o            o.~~",
    "~~.    ......    .~~",
    "~~.   1.~~~~.2   .~~",
    "~~.    .~~~~.    .~~",
    "~~.   3.~~~~.4   .~~",
    "~~.    ......    .~~",
    "~~.o            o.~~",
    "~~................~~",
    "~~~~~~~~~~~~~~~~~~~~",
    "~~~~~~~~~~~~~~~~~~~~"})
 ]]></el:luamain>
    <el:i18n>
      <el:string el:key="title">
        <el:english el:translate="false"/>
      </el:string>
    </el:i18n>
  </el:protected>
</el:level>
