<?xml version="1.0" encoding="UTF-8" standalone="no" ?>
<el:level xmlns:xsi="http://www.w3.org/2001/XMLSchema-instance" xsi:schemaLocation="http://enigma-game.org/schema/level/1 level.xsd" xmlns:el="http://enigma-game.org/schema/level/1">
  <el:protected>
    <el:info el:type="level">
      <el:identity el:title="Stinker" el:subtitle="Per.Oxyd 13" el:id="martin18"/>
      <el:version el:score="1" el:release="2" el:revision="1" el:status="released"/>
      <el:author el:name="Martin Hawlisch" el:email="" el:homepage=""/>
      <el:copyright>Copyright © 2003 Martin Hawlisch</el:copyright>
      <el:license el:type="GPL version 2" el:open="true"/>
      <el:compatibility el:enigma="1.20" el:engine="per.oxyd"/>
      <el:modes el:easy="false" el:single="true" el:network="false"/>
      <el:comments>
        <el:code>New API converted by /dev/null, April 2013</el:code>
      </el:comments>
      <el:score el:easy="-" el:difficult="-"/>
    </el:info>
    <el:luamain><![CDATA[
ti[" "] = {"fl_sand"}
ti["#"] = {"st_greenbrown"}
ti["I"] = {"st_stoneimpulse"}
ti["D"] = {"st_door", name="doorN", faces="ew"}
ti["d"] = {"st_door", name="doorS", faces="ew"}
ti["T"] = {"st_timer", interval=5.0, target={"quake", "doorN"}, action="toggle"}
ti["+"] = {"st_box"} .. ti({"it_hammer"})
ti["m"] = {"it_magicwand"}
ti["Q"] = {"st_quake", name="quake"}
ti["O"] = {"st_oxyd_b"}
ti["@"] = {"#ac_marble_black", essential=INDISPENSABLE}

wo(ti, " ", {
    "####################",
    "#O    #      #    O#",
    "#     #      #     #",
    "#     Q      #     #",
    "#     #      D     #",
    "#     #    #########",
    "#   # #    ##T######",
    "#   # + @  #########",
    "#   #I  m    d     #",
    "#   #        #     #",
    "#   #        #     #",
    "#O  #        #    O#",
    "####################"})

wo:shuffleOxyd()
wo:add({"ot_timer", interval=5.0, loop=false, target="timer", action="on"})
wo:add({"ot_timer", name="timer", state=OFF, interval=5.0, target={"quake", "doorS"}, action="toggle"})
 ]]></el:luamain>
    <el:i18n>
      <el:string el:key="title">
        <el:english el:translate="false"/>
      </el:string>
    </el:i18n>
  </el:protected>
</el:level>
