<?xml version="1.0" encoding="UTF-8" standalone="no" ?>
<el:level xmlns:xsi="http://www.w3.org/2001/XMLSchema-instance" xsi:schemaLocation="http://enigma-game.org/schema/level/1 level.xsd" xmlns:el="http://enigma-game.org/schema/level/1">
  <el:protected>
    <el:info el:type="level">
      <el:identity el:title="Roadblock" el:subtitle="Per.Oxyd 58" el:id="level7b"/>
      <el:version el:score="1" el:release="2" el:revision="1" el:status="released"/>
      <el:author el:name="Siegfried Fennig" el:email="" el:homepage=""/>
      <el:copyright>Copyright © 2002 Siegfried Fennig</el:copyright>
      <el:license el:type="GPL version 2" el:open="true"/>
      <el:compatibility el:enigma="1.20" el:engine="per.oxyd">
        <el:dependency el:path="lib/libpuzzle" el:id="lib/libpuzzle" el:release="3" el:preload="true"/>
      </el:compatibility>
      <el:modes el:easy="false" el:single="true" el:network="false"/>
      <el:comments>
        <el:code>New API converted by /dev/null, April 2013</el:code>
      </el:comments>
      <el:score el:easy="-" el:difficult="-"/>
    </el:info>
    <el:luamain><![CDATA[
ti[" "] = {"fl_marble"}
ti["~"] = {"fl_water"}
ti["#"] = {"st_redbrown"}
ti["X"] = {"st_grate"}
ti["+"] = {"st_box"}
ti["V"] = {"st_oneway_s"}
ti["K"] = {"st_break_oxydc"}
ti["P"] = {"st_puzzle", cluster=1, intensity=0}
ti["Q"] = {"st_puzzle", cluster=2, intensity=0}
ti["|"] = {"st_puzzle", connections="ns"}
ti["v"] = {"st_puzzle", connections="n"}
ti["7"] = {"st_puzzle", connections="es"}
ti[">"] = {"st_puzzle", connections="w"} .. ti({"it_hammer"})
ti["O"] = {"st_oxyd_b"}
ti["@"] = {"#ac_marble_black"}

wo(res.puzzle(ti, "P", "Q"), " ", {
    "####################",
    "#  XXX##############",
    "#  X#XXXXXXXXXXXXXX#",
    "#  X# ##############",
    "#  X#    @         #",
    "#  X#    P         #",
    "#  ##### P #########",
    "#  ###  QQQ  #### O#",
    "#  ###   ~   ####  #",
    "#  #PPP #~# PPP##  #",
    "#  #~ + ~~~ + ~##  #",
    "# >#    ~~~    ##  #",
    "#  ###### #######  #",
    "# 7#O       K   #  #",
    "#  #       PP   #  #",
    "#||#        P   #  #",
    "#  #V#######P####  #",
    "#||  #      P   #  #",
    "#  ###      P   #  #",
    "#||###      P   #  #",
    "#  ###O     P   #  #",
    "#||######### ####  #",
    "#                  #",
    "#Ov                #",
    "####################"})

wo:shuffleOxyd()
 ]]></el:luamain>
    <el:i18n>
      <el:string el:key="title">
        <el:english el:translate="false"/>
      </el:string>
    </el:i18n>
  </el:protected>
</el:level>
