<?xml version="1.0" encoding="UTF-8" standalone="no" ?>
<el:level xmlns:xsi="http://www.w3.org/2001/XMLSchema-instance" xsi:schemaLocation="http://enigma-game.org/schema/level/1 level.xsd" xmlns:el="http://enigma-game.org/schema/level/1">
  <el:protected>
    <el:info el:type="level">
      <el:identity el:title="One Single Try" el:subtitle="Per.Oxyd 75" el:id="siegfried78"/>
      <el:version el:score="1" el:release="2" el:revision="1" el:status="released"/>
      <el:author el:name="Siegfried Fennig" el:email="" el:homepage=""/>
      <el:copyright>Copyright © 2003 Siegfried Fennig</el:copyright>
      <el:license el:type="GPL version 2" el:open="true"/>
      <el:compatibility el:enigma="1.20" el:engine="per.oxyd"/>
      <el:modes el:easy="false" el:single="true" el:network="false"/>
      <el:comments>
        <el:code>New API converted by /dev/null, April 2013</el:code>
      </el:comments>
      <el:score el:easy="-" el:difficult="-"/>
    </el:info>
    <el:luamain><![CDATA[
wo["ProvideExtralifes"] = false

ti[" "] = {"fl_rough"}
ti["."] = {"fl_abyss"}
ti["~"] = {"fl_water"}
ti["#"] = {"st_tigris"}
ti["="] = {"st_lightglass"}
ti["+"] = {"st_box"}
ti["I"] = {"st_stoneimpulse"}
ti["-"] = {"st_darkglass_hollow"}
ti["*"] = {"st_lightglass_hollow"}
ti[":"] = {"st_mirror_slab", state=NORTH, transparent=true}
ti["/"] = {"st_mirror_slab", state=EAST, transparent=true}
ti["7"] = {"st_mirror_slab", state=EAST}
ti["|"] = {"st_mirror_slab", state=NORTH}
ti["_"] = {"st_mirror_slab", state=SOUTH}
ti["X"] = {"st_mirror_slab", state=WEST}
ti["V"] = {"st_mirror_triangle", state=SOUTH}
ti[">"] = {"st_mirror_triangle", state=EAST}
ti["D"] = {"st_door_d", name="door", faces="ns"}
ti["^"] = ti["~"] .. {"st_boulder_n"}
ti["L"] = {"st_laser_n", name="laser"}
ti["C"] = {"st_coinslot", target="laser"}
ti["T"] = {"it_trigger", target="door"}
ti["c"] = ti["-"] .. {"it_coin_s"}
ti["O"] = {"st_oxyd_b"}
ti["@"] = {"#ac_marble_black"}

wo(ti, " ", {
    "###################....................###################",
    "#  =/=        =^= #....................#     = 7         #",
    "#  ===        =~= #....................#  7  = VV   =====#",
    "#  ===        =~= #.........O..........#     =  V   :=I###",
    "# |=/= 7    _ =~=  c--------------c----   X  =      #II  #",
    "#  ===     VV =~=  --------------------      =      #I   #",
    "O          VV =~=  --------------------            T+I   O",
    "#             =~=  ------c----------c--     *I*     #I   #",
    "#  @          =~= #.........O..........#    *I# >   #I   #",
    "#             =~= #....................#    *I# =====I#D##",
    "#      V    V =~= #....................#  X *I+     === =#",
    "#                 #....................#    *I =         #",
    "##LC###############....................###################"})

wo:shuffleOxyd()
 ]]></el:luamain>
    <el:i18n>
      <el:string el:key="title">
        <el:english el:translate="false"/>
      </el:string>
    </el:i18n>
  </el:protected>
</el:level>
