<?xml version="1.0" encoding="UTF-8" standalone="no" ?>
<el:level xmlns:xsi="http://www.w3.org/2001/XMLSchema-instance" xsi:schemaLocation="http://enigma-game.org/schema/level/1 level.xsd" xmlns:el="http://enigma-game.org/schema/level/1">
  <el:protected>
    <el:info el:type="level">
      <el:identity el:title="Handle With Care" el:subtitle="Per.Oxyd 2" el:id="martin07"/>
      <el:version el:score="1" el:release="2" el:revision="1" el:status="released"/>
      <el:author el:name="Martin Hawlisch" el:email="" el:homepage=""/>
      <el:copyright>Copyright © 2003 Martin Hawlisch</el:copyright>
      <el:license el:type="GPL version 2" el:open="true"/>
      <el:compatibility el:enigma="1.20" el:engine="per.oxyd">
        <el:dependency el:path="lib/libpuzzle" el:id="lib/libpuzzle" el:release="3" el:preload="true"/>
      </el:compatibility>
      <el:modes el:easy="false" el:single="true" el:network="false"/>
      <el:comments>
        <el:code>New API converted by /dev/null, April 2013</el:code>
      </el:comments>
      <el:score el:easy="-" el:difficult="-"/>
    </el:info>
    <el:luamain><![CDATA[
ti[" "] = {"fl_gray"}
ti["~"] = {"fl_abyss"}
ti["#"] = {"st_greenbrown"}
ti["+"] = {"st_box"}
ti["P"] = {"st_puzzle", cluster=1, intensity=0}
ti["Q"] = {"st_puzzle", cluster=2, intensity=0}
ti["d"] = {"it_document", text="text1"}
ti["O"] = {"st_oxyd_b"}
ti["@"] = ti["d"] .. {"ac_marble_black"}

wo(res.puzzle(ti, "P", "Q"), " ", {
    "####################",
    "#        #  #   #  #",
    "#        # PP~~ # O#",
    "#        # #  # #  #",
    "# O O  P## #  # #  #",
    "#      P ~PPPP  #  #",
    "#  O  @P+# #Q####  #",
    "#      P #  Q      #",
    "# O O    #  Q#     #",
    "#        #  Q#     #",
    "#        #  Q#     #",
    "#        #   #     #",
    "####################"})

wo:shuffleOxyd()
 ]]></el:luamain>
    <el:i18n>
      <el:string el:key="title">
        <el:english el:translate="false"/>
      </el:string>
      <el:string el:key="text1">
        <el:english el:translate="true">Some stones and stone rows can be moved!</el:english>
        <el:translation el:lang="de">Manche Steine und Steinreihen lassen sich verschieben!</el:translation>
      </el:string>
    </el:i18n>
  </el:protected>
</el:level>
