<?xml version="1.0" encoding="UTF-8" standalone="no" ?>
<el:level xmlns:xsi="http://www.w3.org/2001/XMLSchema-instance" xsi:schemaLocation="http://enigma-game.org/schema/level/1 level.xsd" xmlns:el="http://enigma-game.org/schema/level/1">
  <el:protected>
    <el:info el:type="level">
      <el:identity el:title="- Meditation -" el:subtitle="Per.Oxyd 40" el:id="daniel4"/>
      <el:version el:score="1" el:release="2" el:revision="1" el:status="released"/>
      <el:author el:name="Daniel Heck" el:email="" el:homepage=""/>
      <el:copyright>Copyright © 2003 Daniel Heck</el:copyright>
      <el:license el:type="GPL v2.0 or above" el:open="true"/>
      <el:compatibility el:enigma="1.20" el:engine="per.oxyd"/>
      <el:modes el:easy="false" el:single="true" el:network="false"/>
      <el:comments>
        <el:code>New API converted by /dev/null, April 2013</el:code>
      </el:comments>
      <el:score el:easy="-" el:difficult="-"/>
    </el:info>
    <el:luamain><![CDATA[
wo["ProvideExtralifes"] = false

ti[" "] = {"fl_lawn"}
ti["~"] = {"fl_water"}
ti["o"] = {"it_meditation"}
ti["1"] = {"#ac_pearl_white", name="one", 0.5, 0.0, essential=INDISPENSABLE}
ti["2"] = {"#ac_pearl_white", name="two", 0.5, 0.0, essential=INDISPENSABLE}
ti["3"] = {"#ac_pearl_white", name="three", 0.5, 0.0, essential=INDISPENSABLE}
ti["4"] = {"#ac_pearl_white", name="four", 0.5, 0.0, essential=INDISPENSABLE}

wo(ti, " ", {
    "~~~~~~~~~~~~~~~~~~~~",
    "~                  ~",
    "~                  ~",
    "~        1         ~",
    "~   o              ~",
    "~        2         ~",
    "~      o    o      ~",
    "~        3         ~",
    "~              o   ~",
    "~        4         ~",
    "~                  ~",
    "~                  ~",
    "~~~~~~~~~~~~~~~~~~~~"})

wo:add({"ot_rubberband", anchor1="one", anchor2="two", strength=6})
wo:add({"ot_rubberband", anchor1="two", anchor2="three", strength=6})
wo:add({"ot_rubberband", anchor1="three", anchor2="four", strength=6})
 ]]></el:luamain>
    <el:i18n>
      <el:string el:key="title">
        <el:english el:translate="false"/>
      </el:string>
    </el:i18n>
  </el:protected>
</el:level>
