<?xml version="1.0" encoding="UTF-8" standalone="no" ?>
<el:level xmlns:xsi="http://www.w3.org/2001/XMLSchema-instance" xsi:schemaLocation="http://enigma-game.org/schema/level/1 level.xsd" xmlns:el="http://enigma-game.org/schema/level/1">
  <el:protected>
    <el:info el:type="level">
      <el:identity el:title="Per.Oxyd 62" el:subtitle="Per.Oxyd 62" el:id="peroxyd62"/>
      <el:version el:score="1" el:release="2" el:revision="3" el:status="released"/>
      <el:author el:name="Raoul Bourquin" el:email="" el:homepage=""/>
      <el:copyright>Copyright © 2005 Raoul Bourquin</el:copyright>
      <el:license el:type="GPL v2.0 or above" el:open="true"/>
      <el:compatibility el:enigma="1.20" el:engine="per.oxyd">
        <el:dependency el:path="lib/libpuzzle" el:id="lib/libpuzzle" el:release="3" el:preload="true"/>
      </el:compatibility>
      <el:modes el:easy="false" el:single="true" el:network="false"/>
      <el:comments>
        <el:code>New API converted by /dev/null, April 2013</el:code>
      </el:comments>
      <el:score el:easy="-" el:difficult="1:27"/>
    </el:info>
    <el:luamain><![CDATA[
ti[" "] = {"fl_metal"}
ti["."] = {"fl_abyss"}
ti["~"] = {"fl_water"}
ti["#"] = {"st_flat"}
ti["+"] = {"st_box"}
ti["P"] = {"st_puzzle", cluster=1, intensity=0}
ti["V"] = {"st_oneway_black_s"}
ti["T"] = {"st_turnstile"}
ti["N"] = {"st_turnstilearm_n"}
ti["E"] = {"st_turnstilearm_e"}
ti["S"] = {"st_turnstilearm_s"}
ti["W"] = {"st_turnstilearm_w"}
ti["s"] = {"it_spring"}
ti["f"] = {"it_flag"}
ti["d"] = {"it_document", text="text1"}
ti["O"] = {"st_oxyd_b"}
ti["@"] = {"#ac_marble_black"}

wo(ti, " ", {
    "#######################################",
    "##### N      ### N     ################",
    "###   TETETE   # T ###    ....s ~     #",
    "##  # S S S  #  NS ##  ########## #   #",
    "## O########### TE    #       ###  ~WT#",
    "##V####################       #   +N  #",
    "#f@O###################    N  # ## T  #",
    "## ##  N N N ########   PPWTE #    S  #",
    "##     TETETE  ###### # PP ~~~###  N  #",
    "#####  S S S #   d    #    ~~~     T  #",
    "#######################################"})
]]></el:luamain>
    <el:i18n>
      <el:string el:key="title">
        <el:english el:translate="false"/>
      </el:string>
      <el:string el:key="text1">
        <el:english el:translate="true">Did you bring your flag?</el:english>
        <el:translation el:lang="de">Haben Sie Ihre Fahne dabei?</el:translation>
      </el:string>
    </el:i18n>
  </el:protected>
</el:level>
