<?xml version="1.0" encoding="UTF-8" standalone="no" ?>
<el:level xmlns:xsi="http://www.w3.org/2001/XMLSchema-instance" xsi:schemaLocation="http://enigma-game.org/schema/level/1 level.xsd" xmlns:el="http://enigma-game.org/schema/level/1">
  <el:protected>
    <el:info el:type="level">
      <el:identity el:title="Cliffhanger" el:subtitle="Per.Oxyd 54" el:id="level10f"/>
      <el:version el:score="1" el:release="2" el:revision="1" el:status="released"/>
      <el:author el:name="Siegfried Fennig" el:email="" el:homepage=""/>
      <el:copyright>Copyright © 2003 Siegfried Fennig</el:copyright>
      <el:license el:type="GPL version 2" el:open="true"/>
      <el:compatibility el:enigma="1.20" el:engine="per.oxyd"/>
      <el:modes el:easy="false" el:single="true" el:network="false"/>
      <el:comments>
        <el:code>New API converted by /dev/null, April 2013</el:code>
      </el:comments>
      <el:score el:easy="-" el:difficult="-"/>
    </el:info>
    <el:luamain><![CDATA[
wo["ProvideExtralifes"] = false
wo["FollowMethod"] = FOLLOW_SCROLL

ti[" "] = {"fl_metal_7", force_y=50}
ti["#"] = {"st_rubberband", strength=20}
ti["="] = {"st_door_a"}
ti["*"] = {"st_break_oxydc"}
ti["T"] = {"st_death"}
ti["R"] = {"st_brownie", name="right"}
ti["h"] = {"it_hammer"}
ti["O"] = {"st_oxyd_a"}
ti["@"] = {"#ac_marble_black", -0.5, 0.0}

wo(ti, " ", {
    "####################",
    "#                  #",
    "#     ***#**       #",
    "#   # *****    #   #",
    "#    ******        #",
    "#    *****         #",
    "#   ***       #    #",
    "#  TOT*  #         #",
    "#  TTT*            #",
    "#    **            #",
    "#   #**      TOT   #",
    "# *****      TTT   #",
    "#**#***   #        #",
    "#****          #   #",
    "#                # #",
    "#       #          #",
    "#                  #",
    "#  #               #",
    "#               TOT#",
    "#           #  hTTT#",
    "#                  #",
    "# TOT  #       #   #",
    "# TTT              #",
    "#                  #",
    "#           #      #",
    "#     TOT          #",
    "#     TTT      #   #",
    "#         #        #",
    "#     #       #    #",
    "#                  #",
    "#  #        #      #",
    "#                  #",
    "#                  #",
    "#          #       #",
    "# TOT              #",
    "# TTT     @        #",
    "#########===########"})

wo:shuffleOxyd()
 ]]></el:luamain>
    <el:i18n>
      <el:string el:key="title">
        <el:english el:translate="false"/>
      </el:string>
    </el:i18n>
  </el:protected>
</el:level>
