<?xml version="1.0" encoding="UTF-8" standalone="no" ?>
<el:level xmlns:xsi="http://www.w3.org/2001/XMLSchema-instance" xsi:schemaLocation="http://enigma-game.org/schema/level/1 level.xsd" xmlns:el="http://enigma-game.org/schema/level/1">
  <el:protected>
    <el:info el:type="level">
      <el:identity el:title="Hidden Treasure" el:subtitle="Per.Oxyd 49" el:id="level6f"/>
      <el:version el:score="1" el:release="2" el:revision="1" el:status="released"/>
      <el:author el:name="Siegfried Fennig" el:email="" el:homepage=""/>
      <el:copyright>Copyright © 2003 Siegfried Fennig</el:copyright>
      <el:license el:type="GPL version 2" el:open="true"/>
      <el:compatibility el:enigma="1.20" el:engine="per.oxyd">
        <el:dependency el:path="lib/libpuzzle" el:id="lib/libpuzzle" el:release="3" el:preload="true"/>
      </el:compatibility>
      <el:modes el:easy="false" el:single="true" el:network="false"/>
      <el:comments>
        <el:code>New API converted by /dev/null, April 2013</el:code>
      </el:comments>
      <el:score el:easy="-" el:difficult="-"/>
    </el:info>
    <el:luamain><![CDATA[
ti["  "] = {"fl_lawn"}
ti["~~"] = {"fl_abyss"}
ti["##"] = {"st_redbrown"}
ti["++"] = {"st_redbrown_movable"}
ti["=="] = {"st_redbrown_hollow"}
ti["XX"] = {"st_grate"}
ti["II"] = ti["~~"] .. {"st_invisible"}
ti["P"] = {"st_puzzle", intensity=0}
ti["--"] = {"st_door_d", name="door", faces="ns"}
ti["__"] = {"it_trigger", target="door"}
ti["ss"] = {"it_spring"}
ti["OO"] = {"st_oxyd_b"}
ti["QQ"] = {"st_fake_quake"}
ti["@@"] = {"#ac_marble_black"}

wo(res.puzzle(ti, "P"), "  ", {
    "########################################",
    "##~~~~~~~~~~~~~~~~~~~~~~~~~~~~~~~~~~~~##",
    "##~~~~~~~~~~~~~~~~~~~~~~~~~~~~~~~~~~~~##",
    "##~~~~~~~~~~~~~~~~~~~~~~~~~~~~~~~~~~~~##",
    "##~~~~~~~~~~~~~~~~~~~~~~~~~~~~~~~~~~~~##",
    "##~~~~~~~~~~~~~~~~~~~~~~~~~~~~~~~~~~~~##",
    "##~~~~~~~~~~~~~~~~~~~~~~~~~~~~~~~~~~~~##",
    "##~~~~~~~~~~~~~~~~~~~~~~~~~~~~~~~~~~~~##",
    "##~~~~~~~~~~~~~~~~~~~~~~~~~~~~~~~~~~~~##",
    "##~~~~~~~~~~~~II~~~~~~~~~~~~~~~~~~~~~~##",
    "##      ~~~~~~  ~~~~~~~~~~~~~~~~      ##",
    "##      ~~~~~~ss                      ##",
    "##====########++########################",
    "####++++        PfPePePePaXXXX        ##",
    "##                        PiXX    QQ  ##",
    "##          XX############Pj##        ##",
    "##      OO  PdPePoPa      ~~  @@  __  ##",
    "##              ##########Pj##        ##",
    "##      XX            PfPaPdXX        ##",
    "##      PhXX          PjPl  ######--####",
    "##          XX              ##        ##",
    "##  QQ        XX            ##        ##",
    "##                          ##  OO    ##",
    "########                    ##        ##",
    "########################################"})
 ]]></el:luamain>
    <el:i18n>
      <el:string el:key="title">
        <el:english el:translate="false"/>
      </el:string>
    </el:i18n>
  </el:protected>
</el:level>
