<?xml version="1.0" encoding="UTF-8" standalone="no" ?>
<el:level xmlns:xsi="http://www.w3.org/2001/XMLSchema-instance" xsi:schemaLocation="http://enigma-game.org/schema/level/1 level.xsd" xmlns:el="http://enigma-game.org/schema/level/1">
  <el:protected>
    <el:info el:type="level">
      <el:identity el:title="The Swing" el:subtitle="Per.Oxyd 1" el:id="daniel2"/>
      <el:version el:score="1" el:release="2" el:revision="1" el:status="released"/>
      <el:author el:name="Daniel Heck" el:email="" el:homepage=""/>
      <el:copyright>Copyright © 2003 Daniel Heck</el:copyright>
      <el:license el:type="GPL v2.0 or above" el:open="true"/>
      <el:compatibility el:enigma="1.20" el:engine="per.oxyd"/>
      <el:modes el:easy="false" el:single="true" el:network="false"/>
      <el:comments>
        <el:code>New API converted by /dev/null, April 2013</el:code>
      </el:comments>
      <el:score el:easy="-" el:difficult="-"/>
    </el:info>
    <el:luamain><![CDATA[
wo["ProvideExtralifes"] = false

ti[" "] = {"fl_gray"}
ti["#"] = {"st_greenbrown"}
ti["L"] = {"st_brownie", name="left"}
ti["R"] = {"st_brownie", name="right"}
ti["O"] = {"st_oxyd_c"}
ti["@"] = {"#ac_marble_black", name="black", -0.5, 0.0}

wo(ti, " ", {
    "####################",
    "#O     O    O     O#",
    "#                  #",
    "#                  #",
    "#                  #",
    "###              ###",
    "#L#O      @     O#R#",
    "###              ###",
    "#                  #",
    "#                  #",
    "#                  #",
    "#O     O    O     O#",
    "####################"})

wo:shuffleOxyd()
wo:add({"ot_rubberband", anchor1="black", anchor2="left", strength=15})
wo:add({"ot_rubberband", anchor1="black", anchor2="right", strength=15})
 ]]></el:luamain>
    <el:i18n>
      <el:string el:key="title">
        <el:english el:translate="false"/>
      </el:string>
    </el:i18n>
  </el:protected>
</el:level>
