<?xml version="1.0" encoding="UTF-8" standalone="no" ?>
<el:level xmlns:xsi="http://www.w3.org/2001/XMLSchema-instance" xsi:schemaLocation="http://enigma-game.org/schema/level/1 level.xsd" xmlns:el="http://enigma-game.org/schema/level/1">
  <el:protected>
    <el:info el:type="level">
      <el:identity el:title="Crush On You" el:subtitle="Per.Oxyd 12" el:id="martin11"/>
      <el:version el:score="1" el:release="2" el:revision="1" el:status="released"/>
      <el:author el:name="Martin Hawlisch" el:email="" el:homepage=""/>
      <el:copyright>Copyright © 2003 Martin Hawlisch</el:copyright>
      <el:license el:type="GPL version 2" el:open="true"/>
      <el:compatibility el:enigma="1.20" el:engine="per.oxyd">
        <el:dependency el:path="lib/libpuzzle" el:id="lib/libpuzzle" el:release="3" el:preload="true"/>
      </el:compatibility>
      <el:modes el:easy="false" el:single="true" el:network="false"/>
      <el:comments>
        <el:code>New API converted by /dev/null, April 2013</el:code>
      </el:comments>
      <el:score el:easy="-" el:difficult="-"/>
    </el:info>
    <el:luamain><![CDATA[
ti["  "] = {"fl_hay"}
ti["##"] = {"st_redbrown"}
ti["P"] = {"st_puzzle", intensity=0}
ti["OO"] = {"st_oxyd_b"}
ti["@@"] = {"ac_marble_black", 0.0, 0.5}

wo(res.puzzle(ti, "P"), "  ", {
    "########################################",
    "##        ##OO##########################",
    "##    ##  ##  ##      ##      PdPePePc##",
    "##    ##  ##  ##          Pb        Pj##",
    "##    ##Pb    ##    PfPePePOPePePc  Pj##",
    "##    ##Pj######    PO##OOPj    PO  POOO",
    "##      PO        @@PjOOPbPj##  Pj  Pj##",
    "##    ##Pj########  Pj  POPj    PO  Pj##",
    "##    ##Ph      ##  PlPcPOPlPePePi  Pj##",
    "##    ##  ##    ##    PjPlPePePOPePePi##",
    "##    ##  ##  PdPOPePaPh              ##",
    "##        ####OO############OO##########",
    "########################################"})

wo:shuffleOxyd()
 ]]></el:luamain>
    <el:i18n>
      <el:string el:key="title">
        <el:english el:translate="false"/>
      </el:string>
    </el:i18n>
  </el:protected>
</el:level>
