<?xml version="1.0" encoding="UTF-8" standalone="no" ?>
<el:level xmlns:xsi="http://www.w3.org/2001/XMLSchema-instance" xsi:schemaLocation="http://enigma-game.org/schema/level/1 level.xsd" xmlns:el="http://enigma-game.org/schema/level/1">
  <el:protected>
    <el:info el:type="level">
      <el:identity el:title="Per.Oxyd Link 64" el:subtitle="Per.Oxyd Link 64" el:id="peroxyd2p64"/>
      <el:version el:score="1" el:release="2" el:revision="1" el:status="released"/>
      <el:author el:name="Raoul Bourquin" el:email="" el:homepage=""/>
      <el:copyright>Copyright © 2006 Raoul Bourquin</el:copyright>
      <el:license el:type="GPL v2.0 or above" el:open="true"/>
      <el:compatibility el:enigma="1.20" el:engine="per.oxyd"/>
      <el:modes el:easy="false" el:single="true" el:network="true"/>
      <el:comments>
        <el:code>New API converted by /dev/null, April 2013</el:code>
      </el:comments>
      <el:score el:easy="-" el:difficult="-"/>
    </el:info>
    <el:luamain><![CDATA[
ti[" "] = {"fl_mortar"}
ti["#"] = {"st_beads"}
ti["Y"] = {"st_blur_magic"}
ti["<"] = {"st_puzzle", connections="e"}
ti[">"] = {"st_puzzle", connections="w"}
ti["^"] = {"st_puzzle", connections="s"}
ti["v"] = {"st_puzzle", connections="n"}
ti["="] = {"st_puzzle", connections="nesw"}
ti["+"] = {"st_puzzle", connections="nesw", hollow=true}
ti["b"] = {"it_brush"}
ti["O"] = {"st_oxyd", flavor="b"}
ti["@"] = {"#ac_marble_black", essential=INDISPENSABLE}
ti["A"] = ti["Y"] .. {"#ac_marble_white", essential=INDISPENSABLE}

wo(ti, " ", {
    "###############O####",
    "#O## #  # #^O#O #  #",
    "# ^<++> #^b+Y^ <++>O",
    "# +@ #   +#+#+O^ #^#",
    "##+#### #+ vY+ +  +#",
    "##v #<++>v# #v#+##+#",
    "#O  #O #YO##O #vY =#",
    "###A#<++> #<++> # v#",
    "#   #  #  #  # ## ##",
    "# <++> #<++> #     #",
    "####################"})

wo:shuffleOxyd()
 ]]></el:luamain>
    <el:i18n>
      <el:string el:key="title">
        <el:english el:translate="false"/>
      </el:string>
    </el:i18n>
  </el:protected>
</el:level>
