<?xml version="1.0" encoding="UTF-8" standalone="no" ?>
<el:level xmlns:xsi="http://www.w3.org/2001/XMLSchema-instance" xsi:schemaLocation="http://enigma-game.org/schema/level/1 level.xsd" xmlns:el="http://enigma-game.org/schema/level/1">
  <el:protected >
    <el:info el:type="level">
      <el:identity el:title="Per.Oxyd 84" el:subtitle="Per.Oxyd 84" el:id="20080111ulf034"/>
      <el:version el:score="1" el:release="2" el:revision="94" el:status="released"/>
      <el:author el:name="Ulf Stegemann" el:email="ulf-enigma@zeitform.de" el:homepage="http://ulf.zeitform.de"/>
      <el:copyright>Copyright © 2008 Ulf Stegemann</el:copyright>
      <el:license el:type="GPL v2.0 or above" el:open="true"/>
      <el:compatibility el:enigma="1.20"/>
      <el:modes el:easy="true" el:single="true" el:network="false"/>
      <el:comments>
        <el:code>New API converted by /dev/null, February 2014</el:code>
      </el:comments>
      <el:score el:easy="0:50" el:difficult="1:55"/>
    </el:info>
    <el:luamain><![CDATA[
ti[" "] = {"fl_samba"}
ti["~"] = {"fl_water"}
ti["."] = {"fl_abyss"}
ti["#"] = {"st_purplemarble"}
ti["I"] = {"st_stoneimpulse"}
ti["R"] = {"st_rotator"}
ti["+"] = {"st_turnstile_red"}
ti["^"] = ti["."] .. {"st_turnstilearm_n"}
ti["|"] = {"st_turnstilearm_n"}
ti["<"] = ti["."] .. {"st_turnstilearm_w"}
ti["Q"] = cond(wo["IsDifficult"], {"st_quake", name="quake"}, ti[" "])
ti["T"] = cond(wo["IsDifficult"], {"st_timer", target="quake", interval=22.0 }, ti[" "])
ti["u"] = cond(wo["IsDifficult"], ti[" "], {"it_umbrella"})
ti["K"] = {"st_blocker"}
ti["k"] = {"it_blocker"}
ti["N"] = ti["~"] .. {"st_boulder_n"}
ti["B"] = ti["k"] .. {"st_boulder_n"}
ti["E"] = {"st_boulder_e"}
ti["d"] = {"it_dynamite"}
ti["s"] = {"it_spring_keep"}
ti["O"] = {"st_oxyd_c"}
ti["@"] = {"#ac_marble"}

wo(ti, " ", {
    "#######################################",
    "##R#R#~            #..      Q..... u T#",
    "#R~R~R~    IIIIII  #..  # O  ..  .. O #",
    "#~~~~~~    I    I  #..<+#####..   .   #",
    "O k K      I II I  #   .......    ..  #",
    "# B k    @ I IEII  # O ^ |     Od ... #",
    "O K k          I   #   +.+....    ....#",
    "#~~~~~~            K    .   ...  ..   #",
    "#R~RNR~            #..... O ......  O #",
    "##R#R#~            #.....s u.....     #",
    "#######################################"})

wo:shuffleOxyd()
 ]]></el:luamain>
    <el:i18n>
      <el:string el:key="title">
        <el:english el:translate="false"/>
      </el:string>
      <el:string el:key="subtitle">
        <el:english el:translate="false"/>
      </el:string>
    </el:i18n>
  </el:protected>
</el:level>
