<?xml version="1.0" encoding="UTF-8" standalone="no" ?>
<el:level xmlns:xsi="http://www.w3.org/2001/XMLSchema-instance" xsi:schemaLocation="http://enigma-game.org/schema/level/1 level.xsd" xmlns:el="http://enigma-game.org/schema/level/1">
  <el:protected>
    <el:info el:type="level">
      <el:identity el:title="Room Of Mirrors" el:subtitle="Per.Oxyd 16" el:id="level1d"/>
      <el:version el:score="1" el:release="2" el:revision="1" el:status="released"/>
      <el:author el:name="Siegfried Fennig" el:email="" el:homepage=""/>
      <el:copyright>Copyright © 2003 Siegfried Fennig</el:copyright>
      <el:license el:type="GPL version 2" el:open="true"/>
      <el:compatibility el:enigma="1.20" el:engine="per.oxyd"/>
      <el:modes el:easy="false" el:single="true" el:network="false"/>
      <el:comments>
        <el:code>New API converted by /dev/null, April 2013</el:code>
      </el:comments>
      <el:score el:easy="-" el:difficult="-"/>
    </el:info>
    <el:luamain><![CDATA[
ti[" "] = {"fl_gray"}
ti["#"] = {"st_metal"}
ti["="] = {"st_rawglass"}
ti["L"] = {"st_laser_e", name="laser"}
ti["S"] = {"st_switch", target="laser"}
ti["/"] = {"st_mirror_slab", state=EAST}
ti["-"] = {"st_mirror_slab", state=SOUTH}
ti["|"] = {"st_mirror_slab", state=WEST}
ti[">"] = {"st_mirror_triangle", state=EAST}
ti["<"] = {"st_mirror_triangle", state=WEST}
ti["^"] = {"st_mirror_triangle", state=NORTH}
ti["v"] = {"st_mirror_triangle", state=SOUTH}
ti["+"] = {"st_mirror_triangle", state=WEST, transparent=true}
ti["O"] = {"st_oxyd_c"}
ti["@"] = {"ac_marble_black"}

wo(ti, " ", {
    "######O###O##O######",
    "#==================#",
    "#=                =#",
    "#=                =#",
    "#=       />>>     =#",
    "#=      -<   /    =#",
    "L=      |^>>      =#",
    "S  @    v  </     =O",
    "#=    -+/         =#",
    "#=                =#",
    "#=                =#",
    "#==================#",
    "#######O###O########"})

wo:shuffleOxyd()
 ]]></el:luamain>
    <el:i18n>
      <el:string el:key="title">
        <el:english el:translate="false"/>
      </el:string>
    </el:i18n>
  </el:protected>
</el:level>
