<?xml version="1.0" encoding="UTF-8" standalone="no" ?>
<el:level xmlns:xsi="http://www.w3.org/2001/XMLSchema-instance" xsi:schemaLocation="http://enigma-game.org/schema/level/1 level.xsd" xmlns:el="http://enigma-game.org/schema/level/1">
  <el:protected>
    <el:info el:type="level">
      <el:identity el:title="- Meditation -" el:subtitle="Per.Oxyd 50" el:id="siegfried73"/>
      <el:version el:score="1" el:release="2" el:revision="1" el:status="released"/>
      <el:author el:name="Siegfried Fennig" el:email="" el:homepage=""/>
      <el:copyright>Copyright © 2003 Siegfried Fennig</el:copyright>
      <el:license el:type="GPL version 2" el:open="true"/>
      <el:compatibility el:enigma="1.20" el:engine="per.oxyd"/>
      <el:modes el:easy="false" el:single="true" el:network="false"/>
      <el:comments>
        <el:code>New API converted by /dev/null, April 2013</el:code>
      </el:comments>
      <el:score el:easy="-" el:difficult="-"/>
    </el:info>
    <el:luamain><![CDATA[
wo["ProvideExtralifes"] = false

ti["  "] = {"fl_samba"}
ti[" ~"] = {"fl_abyss"}
ti["S "] = {"st_scissors"}
ti["rubberbands"] = {"st_rubberband", name="band%%", strength=4}
ti["o "] = {"it_meditation"}
ti["pearls"] = {"#ac_pearl_white", name="pearl%%", essential=INDISPENSABLE}

wo(res.autotile(ti, {"@", "pearls"}, {"B", "rubberbands"}), "  ", {
    " ~ ~ ~ ~ ~ ~ ~ ~ ~ ~ ~ ~ ~ ~ ~ ~ ~ ~ ~ ~",
    " ~     ~ ~ ~ ~ ~o  ~ ~ ~ ~ ~ ~ ~ ~     ~",
    " ~     ~ ~ ~                 ~ ~ ~     ~",
    "B0  @0        S         S         @1  B1",
    " ~     ~ ~ ~                 ~ ~ ~     ~",
    " ~     ~ ~ ~ ~ ~ ~ ~ ~o  ~ ~ ~ ~ ~     ~",
    " ~ ~ ~ ~ ~ ~ ~ ~ ~ ~ ~ ~ ~ ~ ~ ~ ~ ~ ~ ~"})

wo:add({"ot_rubberband", anchor1="pearl%0", anchor2="band%0", strength=4})
wo:add({"ot_rubberband", anchor1="pearl%1", anchor2="band%1", strength=4})
 ]]></el:luamain>
    <el:i18n>
      <el:string el:key="title">
        <el:english el:translate="false"/>
      </el:string>
    </el:i18n>
  </el:protected>
</el:level>
