<?xml version="1.0" encoding="UTF-8" standalone="no" ?>
<el:level xmlns:xsi="http://www.w3.org/2001/XMLSchema-instance" xsi:schemaLocation="http://enigma-game.org/schema/level/1 level.xsd" xmlns:el="http://enigma-game.org/schema/level/1">
  <el:protected>
    <el:info el:type="level">
      <el:identity el:title="Widgets in the Attic" el:subtitle="Tidy up the Attic" el:id="duffy158"/>
      <el:version el:score="1" el:release="2" el:revision="2" el:status="released"/>
      <el:author  el:name="Jacob Scott" el:email="" el:homepage=""/>
      <el:copyright>Copyright © 2007 Jacob Scott</el:copyright>
      <el:license el:type="GPL v2.0 or above" el:open="true"/>
      <el:compatibility el:enigma="1.10"/>
      <el:modes el:easy="false" el:single="true" el:network="false"/>
      <el:comments><el:code>New API converted by R. Bourquin</el:code></el:comments>
      <el:score el:easy="-" el:difficult="-"/>
    </el:info>
    <el:luamain><![CDATA[
wo["ConserveLevel"] = false

ti[" "] = {"fl_hay"}
ti["-"] = {"fl_abyss"}
ti["#"] = {"st_tigris"}
ti["*"] = {"st_brownie"}
ti["+"] = {"st_box"}
ti["O"] = {"st_oxyd"}
ti["o"] = {"it_vortex", state=OPEN, name="upper_vortex", destination="lower_vortex"}
ti["t"] = {"it_trigger", target="counter", action="signal"}
ti["@"] = ti({"it_vortex", state=CLOSED, name="lower_vortex", autoclose=true}) .. {"#ac_marble_black"}

wo(ti, " ", {
    "####################",
    "#                  #",
    "#                  #",
    "#    #### ####     #",
    "#    #t  o  t#     #",
    "#    # * * * #     #",
    "#    # *+*+* #     #",
    "#    # * + * #     #",
    "#    #t  *  t#     #",
    "#    #########     #",
    "#                  #",
    "#                  #",
    "############### ####",
    "#O- ** **  *** * * #",
    "#-- **  * * * *  * #",
    "#--  **  * *** **  #",
    "#O-  ** * * * * * *#",
    "###  ** * *  * *** #",
    "#    ** *** **  *  #",
    "#    **   ** * * **#",
    "#     *** ** ** * *#",
    "#  @  ***   ** *** #",
    "#            ***   #",
    "#                  #",
    "####################"})

wo:add({"ot_counter", "counter", state=0, target_0="upper_vortex", action_0="open", target_1="upper_vortex", action_1="close"})
 ]]></el:luamain>
    <el:i18n>
      <el:string el:key="title">
        <el:english el:translate="false"/>
      </el:string>
    </el:i18n>
  </el:protected>
</el:level>
