<?xml version="1.0" encoding="UTF-8" standalone="no" ?>
<el:level xmlns:xsi="http://www.w3.org/2001/XMLSchema-instance" xsi:schemaLocation="http://enigma-game.org/schema/level/1 level.xsd" xmlns:el="http://enigma-game.org/schema/level/1">
  <el:protected>
    <el:info el:type="level">
      <el:identity el:title="Comet" el:subtitle="" el:id="duffy147"/>
      <el:version el:score="1" el:release="2" el:revision="4" el:status="released"/>
      <el:author  el:name="Jacob Scott" el:email="" el:homepage=""/>
      <el:copyright>Copyright © 2007 Jacob Scott</el:copyright>
      <el:license el:type="GPL v2.0 or above" el:open="true"/>
      <el:compatibility el:enigma="1.10"/>
      <el:modes el:easy="true" el:single="true" el:network="false"/>
      <el:comments><el:code>New API converted by R. Bourquin</el:code></el:comments>
      <el:score el:easy="-" el:difficult="-"/>
    </el:info>
    <el:luamain><![CDATA[
wo["ElectricStrength"] = cond(wo["IsDifficult"], 50.0, 40.0)

ti[" "] = {"fl_abyss"}
ti["-"] = {"fl_red"}
ti["#"] = {"st_rawglass"}
ti["O"] = cond(wo["IsDifficult"], {"st_oxyd", name="oxyds#"}, ti[" "])
ti["o"] = cond(wo["IsDifficult"], ti[" "], {"st_oxyd", name="oxyds#"})
ti["*"] = ti["-"] .. {"#ac_killer", charge=-1.0, owner=DEFAULT, controllers=CTRL_NONE}
ti["@"] = ti["-"] .. {"#ac_marble_black", charge=1.0}

wo(ti, " ", {
    "                    ",
    "      O      O      ",
    "      o      o      ",
    "                    ",
    " Oo ------------ oO ",
    "    ------------    ",
    "    *----------@    ",
    "    ------------    ",
    " Oo ------------ oO ",
    "                    ",
    "      o      o      ",
    "      O      O      ",
    "                    "})

wo:shuffleOxyd({no["oxyds#*"]:sort("circular"), circular=true})
 ]]></el:luamain>
    <el:i18n>
      <el:string el:key="title">
        <el:english el:translate="false"/>
      </el:string>
    </el:i18n>
  </el:protected>
</el:level>
