<?xml version="1.0" encoding="UTF-8" standalone="no" ?>
<el:level xmlns:xsi="http://www.w3.org/2001/XMLSchema-instance" xsi:schemaLocation="http://enigma-game.org/schema/level/1 level.xsd" xmlns:el="http://enigma-game.org/schema/level/1">
  <el:protected>
    <el:info el:type="level">
      <el:identity el:title="Ghost Driver" el:subtitle="Take the first exit" el:id="duffy176"/>
      <el:version el:score="1" el:release="2" el:revision="1" el:status="released"/>
      <el:author  el:name="Jacob Scott" el:email="" el:homepage=""/>
      <el:copyright>Copyright © 2007 Jacob Scott</el:copyright>
      <el:license el:type="GPL v2.0 or above" el:open="true"/>
      <el:compatibility el:enigma="1.10"/>
      <el:modes el:easy="false" el:single="true" el:network="false"/>
      <el:comments><el:code>New API converted by R. Bourquin</el:code></el:comments>
      <el:score el:easy="-" el:difficult="-"/>
    </el:info>
    <el:luamain><![CDATA[
wo["ConserveLevel"] = false
wo["GlobalForce"] = po(0,90)

ti[" "] = {"fl_hay"}
ti["~"] = {"fl_water"}
ti["#"] = {"st_greenbrown"}
ti["*"] = {"st_brownie"}
ti["^"] = {"st_boulder", orientation=NORTH}
ti["V"] = {"st_boulder", orientation=SOUTH}
ti["<"] = {"st_boulder", orientation=WEST}
ti["I"] = {"st_stoneimpulse"}
ti["O"] = ti["~"] .. {"st_oxyd"}
ti["@"] = {"#ac_marble_black"}

wo(ti, " ", {
    "~#############~~~~~~",
    "~#VVVVVV#V V #~~~~~~",
    "~#       * * #~~~~~~",
    "~#   V  #    #~~~~~~",
    "~#      #    #~~~~~~",
    "~# V   V#    #~~~~~~",
    "~#      # #  #~~~~~~",
    "~#V     #    #~~~~~~",
    "~#      #    #~~~~~~",
    "~#   V  #    #~~~~~~",
    "~#      #    #~~~~~~",
    "~#      #   ##~~~~~~",
    "~#      #    #~~~~~~",
    "~#V     #    #~~~~~~",
    "~#  V VV#    #~~~~~~",
    "~#      #   ##~~~~~~",
    "~#      #    #~~~~~~",
    "~#V    V#    #~~~~~~",
    "~#      #    #~~~~~~",
    "~#    V #    #~~~~~~",
    "~#V    V#    #~~~~~~",
    "~#      #    #~~~~~~",
    "~# V    #    #~~~~~~",
    "~#      # #  #~~~~~~",
    "~#      #    #~~~~~~",
    "~# V   V#    #~~~~~~",
    "~#      #    #~~~~~~",
    "~#V   V #   ##~~~~~~",
    "~#      #    #~~~~~~",
    "~#   V V#    #~~~~~~",
    "~#V    V#    #~~~~~~",
    "~#      #    #~~~~~~",
    "~#      #    #~~~~~~",
    "~#V     # #  #~~~~~~",
    "~#     V#    #~~~~~~",
    "~#V     #    #~~~~~~",
    "~#      #    #~~~~~~",
    "~#V    V#    #~~~~~~",
    "~#      #    #~~~~~~",
    "~#      # #  #~~~~~~",
    "~#     V#    #~~~~~~",
    "~#V     #    #~~~~~~",
    "~#      #    #~~~~~~",
    "~#   V  #    #~~~~~~",
    "~#      # # ##~~~~~~",
    "~#      # # ########",
    "~#     V#          #",
    "~#      #          #",
    "~#  V   #~# #  ###I#",
    "~#      #O~~#    #<#",
    "~#V     #~O~~      #",
    "~#   V  #~~~~~     #",
    "~#      # ~OO~     #",
    "~# V    # ~~~~   #<#",
    "~#      #         I#",
    "~#    V #          #",
    "~#      #          #",
    "~#      ## # #######",
    "~#  V   ## # #~~~~~~",
    "~#      #    #~~~~~~",
    "~#      #    #~~~~~~",
    "~#     V#    #~~~~~~",
    "~#      #    #~~~~~~",
    "~#V  V  #    #~~~~~~",
    "~#      ## # #~~~~~~",
    "~#      #    #~~~~~~",
    "~#      #    #~~~~~~",
    "~#  V   #    #~~~~~~",
    "~#      #    #~~~~~~",
    "~#      #    #~~~~~~",
    "~#  V  V#    #~~~~~~",
    "~#           #~~~~~~",
    "~#      ##   #~~~~~~",
    "~#      #    #~~~~~~",
    "~#VVVV  #    #~~~~~~",
    "~#      #  # #~~~~~~",
    "~#      #    #~~~~~~",
    "~#      #    #~~~~~~",
    "~#      #    #~~~~~~",
    "~#V  V  #    #~~~~~~",
    "~#      ##   #~~~~~~",
    "~#      #    #~~~~~~",
    "~#      #    #~~~~~~",
    "~#      #    #~~~~~~",
    "~#    VV#  # #~~~~~~",
    "~#      #    #~~~~~~",
    "~#      #    #~~~~~~",
    "~#V    V#    #~~~~~~",
    "~#      ##   #~~~~~~",
    "~#   V  #    #~~~~~~",
    "~#      #    #~~~~~~",
    "~#      #  # #~~~~~~",
    "~#      #    ##~~~~~",
    "~#  @   #     #~~~~~",
    "~#      # * * #~~~~~",
    "~#      # ^ ^ #~~~~~",
    "~##############~~~~~"})

wo:shuffleOxyd()
 ]]></el:luamain>
    <el:i18n>
      <el:string el:key="title">
        <el:english el:translate="false"/>
      </el:string>
      <el:string el:key="subtitle">
        <el:english el:translate="true"/>
      </el:string>
    </el:i18n>
  </el:protected>
</el:level>
