<?xml version="1.0" encoding="UTF-8" standalone="no" ?>
<el:level xmlns:xsi="http://www.w3.org/2001/XMLSchema-instance" xsi:schemaLocation="http://enigma-game.org/schema/level/1 level.xsd" xmlns:el="http://enigma-game.org/schema/level/1">
  <el:protected>
    <el:info el:type="level">
      <el:identity el:title="Upstairs Meditation" el:subtitle="" el:id="duffy138"/>
      <el:version el:score="1" el:release="2" el:revision="2" el:status="released"/>
      <el:author  el:name="Jacob Scott" el:email="" el:homepage=""/>
      <el:copyright>Copyright © 2007 Jacob Scott</el:copyright>
      <el:license el:type="GPL v2.0 or above" el:open="true"/>
      <el:compatibility el:enigma="1.10"/>
      <el:modes el:easy="false" el:single="true" el:network="false"/>
      <el:comments><el:code>New API converted by R. Bourquin</el:code></el:comments>
      <el:score el:easy="-" el:difficult="-"/>
    </el:info>
    <el:luamain><![CDATA[
ti[" "] = {"fl_metal"}
ti["^"] = {"fl_slope_pn"}
ti[">"] = {"fl_slope_pe"}
ti["V"] = {"fl_slope_ps"}
ti["<"] = {"fl_slope_pw"}
ti["1"] = {"fl_slope_isw"}
ti["3"] = {"fl_slope_ise"}
ti["7"] = {"fl_slope_inw"}
ti["9"] = {"fl_slope_ine"}
ti["#"] = {"st_greenbrown"}
ti["o"] = {"it_meditation_hollow"}
ti["*"] = {"it_meditation_hill"}
ti["@"] = {"#ac_pearl"}

wo(ti, " ", {
    "####################",
    "#o#3<<<**<<< # <>< #",
    "#V#V######## #V###^#",
    "# #V# ><>< #o# # * #",
    "# #V#^####V### #^###",
    "#*#   #o#@@<<< # <1#",
    "#V#####V#@@#####V#^#",
    "#9><>>> #@@<1#o> #^#",
    "#######V####^#####^#",
    "#o# > # <<>9*77#3>7#",
    "#V#^#V########^#^###",
    "# > # ><<>><>>*#  o#",
    "####################"})
 ]]></el:luamain>
    <el:i18n>
      <el:string el:key="title">
        <el:english el:translate="false"/>
      </el:string>
    </el:i18n>
  </el:protected>
</el:level>
