<?xml version="1.0" encoding="UTF-8" standalone="no" ?>
<el:level xmlns:xsi="http://www.w3.org/2001/XMLSchema-instance" xsi:schemaLocation="http://enigma-game.org/schema/level/1 level.xsd" xmlns:el="http://enigma-game.org/schema/level/1">
  <el:protected>
    <el:info el:type="level">
      <el:identity el:title="A Kind of Magic" el:subtitle="" el:id="JuStA Kind of Magic"/>
      <el:version el:score="1" el:release="2" el:revision="2" el:status="released"/>
      <el:author  el:name="JuSt" el:email="" el:homepage=""/>
      <el:copyright>Copyright © 2007 JuSt</el:copyright>
      <el:license el:type="GPL version 2" el:open="true"/>
      <el:compatibility el:enigma="1.10"/>
      <el:modes el:easy="true" el:single="true" el:network="false"/>
      <el:comments><el:code>New API converted by R. Bourquin</el:code></el:comments>
      <el:score el:easy="3:01" el:difficult="5:34"/>
    </el:info>
    <el:luamain><![CDATA[
wo["ConserveLevel"] = false

ti[" "] = {"fl_woven"}
ti["#"] = {"st_woven"}
ti["S"] = {"st_swap"}
ti["E"] = {"st_oneway", orientation=EAST, color=BLACK}
ti["N"] = {"st_oneway", orientation=NORTH, color=BLACK}
ti["R"] = {"st_rotator", counterclock=true}
ti["+"] = {"st_turnstile", flavor="green"}
ti["^"] = {"st_turnstilearm_n"}
ti[">"] = {"st_turnstilearm_e"}
ti["v"] = {"st_turnstilearm_s"}
ti["<"] = {"st_turnstilearm_w"}
if wo["IsDifficult"] then
    ti["P"] = {"st_pull"}
else
    ti["P"] = {"st_brake"}
end
ti["O"] = {"st_oxyd", flavor="a", oxydcolor=OXYD_YELLOW}
ti["@"] = {"#ac_marble_black"}

wo(ti, " ", {
    "####################",
    "##   #   # #     ^@#",
    "#   # #   ^    S +>#",
    "# # ^    <+>    #  #",
    "#  <+>#   v ^   #  #",
    "#  #  E   R<+>     #",
    "#    #N# ^    E  ###",
    "####   #<+>###  ^  #",
    "#   #  # v   ^  +# #",
    "#    #    ^  +># # #",
    "#<+     ##+> # ### #",
    "O #  # # #   #    P#",
    "#O##################"})
 ]]></el:luamain>
    <el:i18n>
      <el:string el:key="title">
        <el:english el:translate="false"/>
      </el:string>
    </el:i18n>
  </el:protected>
</el:level>
