<?xml version="1.0" encoding="UTF-8" standalone="no" ?>
<el:level xmlns:xsi="http://www.w3.org/2001/XMLSchema-instance" xsi:schemaLocation="http://enigma-game.org/schema/level/1 level.xsd" xmlns:el="http://enigma-game.org/schema/level/1">
  <el:protected >
    <el:info el:type="level">
      <el:identity el:title="Inverse Maze" el:subtitle="" el:id="20090325ral180"/>
      <el:version el:score="1" el:release="1" el:revision="$Revision: 163 $" el:status="released"/>
      <el:author  el:name="Ronald Lamprecht" el:email="ral@users.berlios.de"/>
      <el:copyright>Copyright © 2009 Ronald Lamprecht</el:copyright>
      <el:license el:type="GPL v2.0 or above" el:open="true"/>
      <el:compatibility el:enigma="1.10">
        <el:dependency el:path="lib/libmaze" el:id="lib/libmaze" el:release="2" el:preload="true"/>
      </el:compatibility>
      <el:modes el:easy="true" el:single="true" el:network="false"/>
      <el:score el:easy="7:54" el:difficult="10:37"/>
    </el:info>
    <el:luamain><![CDATA[

wo["ConserveLevel"] = true

ti[" "] = {"fl_abyss"}
ti["-"] = {"fl_wood"}
ti["."] = {"fl_lawn"}
ti["*"] = ti["."]
ti["x"] = {"st_oxyd"}
ti["@"] = {"#ac_marble"}

if wo["IsDifficult"] then
    ti["X"] = {"st_oxyd", oxydcolor=OXYD_BOLD}
    mymaze = res.maze(ti, {area ={" "}, render = {" ", "-", " "}})
else
    ti["X"] = ti[" "]
    mymaze = res.maze(ti, {area ={" ","*","X"}, render = {" ", "-", " "}})
end

wo(mymaze, ".", {
    ".........................................................",
    ".@...                                                 ...",
    ".....                                                 ...",
    "...                                                     .",
    "...                                                     .",
    ".                                                       .",
    ".                                                       .",
    ".                                                       .",
    ".                         ...                           .",
    ".                         .x.                           .",
    ".             ...         ...           ...             .",
    ".             .x.                       .x.             .",
    ".             ...                       ...             .",
    ".                                                       .",
    ".                                                       .",
    ".                                                       .",
    ".                           ...                         .",
    ".                           .x.                         .",
    ".         ...               ...             ...         .",
    ".         .x.                               .x.         .",
    ".         ...                               ...         .",
    ".                                                       .",
    ".                       ***                             .",
    ".                       *X*                             .",
    ".                       ***                             .",
    ".                                                       .",
    ".                                                       .",
    ".                                                       .",
    ".         ...                               ...         .",
    ".         .x.                               .x.         .",
    ".         ...             ...               ...         .",
    ".                         .x.                           .",
    ".                         ...                           .",
    ".                                                       .",
    ".                                                       .",
    ".                                                       .",
    ".             ...                       ...             .",
    ".             .x.                       .x.             .",
    ".             ...         ...           ...             .",
    ".                         .x.                           .",
    ".                         ...                           .",
    ".                                                       .",
    ".                                                       .",
    ".                                                       .",
    ".                                                       .",
    ".                                                       .",
    "...                                                   ...",
    "...                                                   ...",
    "........................................................."
})

wo:shuffleOxyd()

    ]]></el:luamain>
    <el:i18n>
      <el:string el:key="title">
        <el:english el:translate="false"/>
      </el:string>
    </el:i18n>
  </el:protected>
</el:level>
