<?xml version="1.0" encoding="UTF-8" standalone="no" ?>
<el:level xmlns:xsi="http://www.w3.org/2001/XMLSchema-instance" xsi:schemaLocation="http://enigma-game.org/schema/level/1 level.xsd" xmlns:el="http://enigma-game.org/schema/level/1">
  <el:protected >
    <el:info el:type="level">
      <el:identity el:title="Multiban" el:id="dpl01"/>
      <el:version el:score="1" el:release="2" el:revision="2" el:status="released"/>
      <el:author  el:name="Dominik Leipold"/>
      <el:copyright>Copyright © 2007 Dominik Leipold</el:copyright>
      <el:license el:type="GPL v2.0 or above" el:open="true"/>
      <el:compatibility el:enigma="1.10"/>
      <el:modes el:easy="false" el:single="true" el:network="false"/>
      <el:comments>
        <el:credits el:showinfo="true" el:showstart="false">08.06.2007: 220 moves (Enigma 1.00)</el:credits>
      </el:comments>
      <el:score el:easy="-" el:difficult="7:45"/>
    </el:info>
    <el:luamain><![CDATA[
wo["SwampSinkTime"] = 7.0
wo["ShowMoves"] = true
wo["ConserveLevel"] = false

ti[" "] = {"fl_lawn", friction=4.0, adhesion=1.5}
ti["="] = {"fl_lawn_b", friction=4.0, adhesion=1.5}
ti["`"] = {"fl_lawn_e2", friction=4.0, adhesion=1.5}
ti["'"] = {"fl_lawn_e3", friction=4.0, adhesion=1.5}
ti["~"] = {"fl_water"}
ti["*"] = {"fl_swamp", friction=4.0, adhesion=1.5}
ti["I"] = ti["="] .. {"st_door_d", name="tor#", faces="ew"}
ti["i"] = ti["="] .. {"it_trigger", name="schalter#"}
ti["#"] = {"st_camouflage"}
ti["s"] = {"st_granite_movable"}
ti["S"] = ti["="] .. ti["s"]
ti["w"] = {"st_box_wood"}
ti["."] = {"st_stoneimpulse"}
ti["b"] = {"st_plop"}
ti["h"] = {"st_brownie"}
ti["c"] = {"st_chess_black"}
ti["C"] = {"st_chess_white"}
ti["l"] = {"st_lightpassenger"}
ti["p"] = {"st_pull"}
ti["r"] = {"st_rotator_cw_movable"}
ti["R"] = {"it_wrench"}
ti["L"] = {"st_laser_s", name="laser_s"}
ti["M"] = {"st_laser_w", name="laser_w"}
ti["f"] = {"st_floppy", target="laser_w"}
ti["g"] = {"st_floppy", target="laser_s"}
ti["F"] = ti["s"] .. {"it_floppy"}
ti["O"] = {"st_oxyd_d"}
ti["@"] = ti["="] .. {"#ac_marble_black"}

wo(ti, " ", {
    "#f#....L##########O#",
    "gii=##       w   #@#",
    "#iSi## l ## ###c  '#",
    "##ii~ w #    ## ## #",
    "##===##    h ## ## #",
    "##~#### #w##   hc  #",
    "#i      * M#r  #   #",
    "##~######  C  b##  #",
    "#iii###`RFp###  bs #",
    "#ii=###=` ####     #",
    "################## #",
    "O=====IIIIIIIIIIII`#",
    "####################"})

local tore = no["tor#*"]:shuffle()
local schalter = no["schalter#*"]
for i = 1,#schalter do
    schalter[i].target = tore[i]
end 
 ]]></el:luamain>
    <el:i18n>
      <el:string el:key="title">
        <el:english el:translate="false"/>
      </el:string>
    </el:i18n>
  </el:protected>
</el:level>
