<?xml version="1.0" encoding="UTF-8" standalone="no" ?>
<el:level xmlns:xsi="http://www.w3.org/2001/XMLSchema-instance" xsi:schemaLocation="http://enigma-game.org/schema/level/1 level.xsd" xmlns:el="http://enigma-game.org/schema/level/1">
  <el:protected>
    <el:info el:type="level">
      <el:identity el:title="Using Rotators" el:subtitle="" el:id="joe20"/>
      <el:version el:score="1" el:release="2" el:revision="1" el:status="released"/>
      <el:author el:name="Joseph Dunne" el:email="josephdunne1993@hotmail.com" el:homepage=""/>
      <el:copyright>Copyright © 2006 Joseph Dunne</el:copyright>
      <el:license el:type="GPL v2.0 or above" el:open="true"/>
      <el:compatibility el:enigma="1.10">
        <el:dependency el:path="lib/libpuzzle" el:id="lib/libpuzzle" el:release="3" el:preload="true"/>
      </el:compatibility>
      <el:modes el:easy="false" el:single="true" el:network="false"/>
      <el:comments><el:code>New API converted by /dev/null (October 2009)</el:code></el:comments>
      <el:score el:easy="-" el:difficult="-"/>
    </el:info>
    <el:luamain><![CDATA[
wo["AllowSuicide"] = false
wo["FallenPuzzle"] = "=__"

ti["  "] = {"fl_sahara"}
ti["--"] = {"fl_lawn"}
ti["__"] = {"fl_red"}
ti[".."] = {"fl_abyss"}
ti["##"] = {"st_bluesand"}
ti["++"] = {"st_box"}
ti["GG"] = {"st_granite_movable"}
ti["=="] = {"st_blocker"}
ti["RF"] = {"st_rotator"}
ti["RM"] = {"st_rotator", movable = true}
ti["^^"] = {"st_boulder_n"}
ti["XX"] = {"st_grate"}
ti[" w"] = {"it_wrench"}
ti[" m"] = {"it_magicwand"}
ti[" o"] = {"it_meditation"}
ti["P"] = {"st_puzzle_blue", intensity = 0}
ti["@@"] = {"#ac_pearl"}

wo(res.composer(res.puzzle(ti, "P")), "  ", {
    "##########################..############",
    "##      ----------------______##     o##",
    "RF    ##----------------------##      ##",
    "##    ##----##########RM##----##==######",
    "##    ##----RM          ##----##      ##",
    "##    ##----##    @@    ##----##      ##",
    "##    ##----##          ##----##      ##",
    "##    ##----##        ^^RM----##      ##",
    "##    ##----##RM##########----##      ##",
    "##    ##----------------------##______##",
    "##    ##----------------------##__....##",
    "##    ##########################......##",
    "##    ################PfPePa####......##",
    "##        ############PhPfPc####..____##",
    "##    RM    ## w   m##PdPiPh##______  ##",
    "##  ==      ##      ##########        ##",
    "##  ++  ######      ##                ##",
    "##____  ##  ####==####                ##",
    "##..######                            ##",
    "##____                      XX        ##",
    "##                  XX  PfPdPe        ##",
    "##                      PhPfPcXX      ##",
    "##                      PiPhPa  GG__  ##",
    "##RF                      XX          ##",
    "########################################"})
wo:add(YIN, {"it_document", text = "text1"})
 ]]></el:luamain>
    <el:i18n>
      <el:string el:key="title">
        <el:english el:translate="false"/>
      </el:string>
      <el:string el:key="text1">
        <el:english el:translate="true">The moving boulder can fall down holes but cannot fall into water.</el:english>
        <el:translation el:lang="de">Der sich bewegende Boulder stürzt in Abgründe, versinkt jedoch nicht im Wasser.</el:translation>
      </el:string>
    </el:i18n>
  </el:protected>
</el:level>
