<?xml version="1.0" encoding="utf-8" standalone="no" ?>
<el:level xmlns:xsi="http://www.w3.org/2001/XMLSchema-instance" xsi:schemaLocation="http://enigma-game.org/schema/level/1 level.xsd" xmlns:el="http://enigma-game.org/schema/level/1">
  <el:protected >
    <el:info el:type="level">
      <el:identity el:title="Audience in Venice" el:subtitle="Press the Triggers" el:id="mecke9"/>
      <el:version el:score="1" el:release="2" el:revision="$Revision: 42 $" el:status="released"/>
      <el:author el:name="mecke" el:email="" el:homepage=""/>
      <el:copyright>Copyright © 2008 Thomas Bernhardt</el:copyright>
      <el:license el:type="GPL v2.0 or above" el:open="true"/>
      <el:compatibility el:enigma="1.10"/>
      <el:modes el:easy="true" el:single="true" el:network="false"/>
      <el:score el:easy="12:01" el:difficult="14:39"/>
    </el:info>
    <el:luamain><![CDATA[
ti[" #"] = {"fl_slope_ps"}
ti[" $"] = {"fl_dunes"}
ti[" %"] = {"fl_water"}
ti["! "] = {"st_death"}
ti["# "] = {"st_granite"}
ti[" &"] = {"fl_metal_7", friction=4.0}
ti["$ "] = {"st_thief"}
ti["% "] = {"st_passage_black_cross"}
ti["& "] = {"st_break_oxydc"}
ti["' "] = {"st_rawglass_movable"}
ti["( "] = {"st_pinkbumps"}
ti[") "] = {"st_grate_cross"}
ti["h "] = {"it_strip", connections="ew"}
ti["* "] = {"st_brick"}
ti["+ "] = {"st_mirror_triangle", orientation=EAST}
ti[", "] = {"st_mirror", orientation=NORTH}
ti[" '"] = {"fl_himalaya"}
ti[" ("] = {"fl_lawn_c2"}
ti["g "] = {"it_glasses"}
ti[". "] = {"st_panel"}
ti["/ "] = {"st_mirror_triangle", movable=true, transparent=false, orientation=SOUTH}
ti["0 "] = {"st_mirror", movable=true, transparent=true, orientation=WEST}
ti[" !"] = {"fl_brick"}
ti[" )"] = {"fl_red"}
ti["1 "] = {"st_brownie"}
ti["2 "] = {"st_purplemarble"}
ti[" *"] = {"fl_plank"}
ti["u "] = {"it_umbrella"}
ti[" +"] = {"fl_aquamarine"}
ti["3 "] = {"st_yellow"}
ti["4 "] = {"st_door", faces="ew"}
ti["e "] = {"it_extralife"}
ti["5 "] = {"st_door", faces="ns"}
ti[" ,"] = {"fl_swamp"}
ti["6 "] = {"st_rawglass"}
ti["7 "] = {"st_oxyd_d"}
ti["8 "] = {"st_knight"}
ti["9 "] = {"st_boulder_e"}
ti["v "] = {"it_strip", connections="ns"}
ti[": "] = {"st_boulder", orientation=WEST}
ti["; "] = {"st_box_wood"}
ti["< "] = {"st_mirror", orientation=WEST}
ti[" -"] = {"fl_sahara"}
ti["f "] = {"it_flag_black"}
ti["> "] = {"st_boulder_n"}
ti["? "] = {"st_bluesand"}
ti[" ."] = {"fl_samba"}
ti["w "] = {"it_magicwand"}
ti[" /"] = {"fl_gravel"}
ti["@ "] = {"st_rubberband"}
ti["A "] = {"st_plaster"}
ti["b "] = {"it_banana"}
ti["B "] = {"st_actorimpulse"}
ti["C "] = {"st_rotator_ccw"}
ti[" 0"] = {"fl_sand"}
ti[" 1"] = {"fl_blueslab"}
ti["D "] = {"st_granite_hollow"}
ti["E "] = {"st_stoneimpulse_hollow"}
ti["F "] = {"st_stoneimpulse"}
ti[" 2"] = {"fl_ivory"}
ti["s "] = {"it_sword"}
ti[" 3"] = {"fl_lawn_c4"}
ti["i "] = {"it_coffee"}
ti["G "] = {"st_actorimpulse_invisible"}
ti["y "] = {"it_cherry"}
ti[" 4"] = {"fl_lawn_c1"}
ti["H "] = {"st_redbrown"}
ti[" 5"] = {"fl_lawn_e2"}
ti["I "] = {"st_swap"}
ti["z "] = {"it_flag_white"}
ti[" 6"] = {"fl_lawn"}
ti["J "] = {"st_passage_white_cross"}
ti["K "] = {"st_fake_oxydd"}
ti["j "] = {"it_crack_l"}
ti["L "] = {"st_magic_oxydc"}
ti["M "] = {"st_shogun_sml"}
ti["N "] = {"st_door_a"}
ti["m "] = {"it_springboard"}
ti["O "] = {"st_purplegray"}
ti["P "] = {"st_portal"}
ti["R "] = {"st_grate_framed"}
ti[" 7"] = {"fl_space"}
ti["S "] = {"st_ghost_break"}
ti[" 8"] = {"fl_bluegray"}
ti["T "] = {"st_boulder_s"}
ti[" 9"] = {"fl_hay"}
ti["U "] = {"st_plaster_breakable"}
ti["V "] = {"st_tigris"}
ti["W "] = {"st_mirror", movable=true, transparent=false, orientation=SOUTH}
ti["n "] = {"it_surprise"}
ti["X "] = {"st_oneway_black_n"}
ti["o "] = {"it_squashed"}
ti["Y "] = {"st_oneway_black_w"}
ti[" :"] = {"fl_lawn_d1"}
ti["Z "] = {"st_lightpassenger_off"}
ti["^ "] = {"st_brake"}
ti["~m"] = ti[" :"] .. {"st_rawglass_movable"}
ti["=m"] = ti[" ,"] .. {"st_rawglass_movable"}
ti["mm"] = ti[" %"] .. {"st_rawglass"}
ti["~g"] = ti[" %"] .. {"st_grate_cross"}
ti["h-"] = ti["~g"] .. {"it_strip", connections="ew"}
ti["nn"] = ti[" 3"] .. {"st_actorimpulse_invisible"}
ti["n-"] = ti[" 5"] .. {"st_actorimpulse_invisible"}
ti["ni"] = ti[" )"] .. {"it_coffee"}
ti["x "] = {"#ac_marble_black"}
ti["r "] = {"#ac_top", range=1, strength=1}
ti["p1"] = ti[" $"] .. {"it_document", text="text1"}
ti["p2"] = ti[" !"] .. {"it_document", text="text2"}
ti["p3"] = ti[" -"] .. {"it_document", text="text3"}
ti["p4"] = ti[" -"] .. {"it_document", text="text4"}
ti["p5"] = ti[" -"] .. {"it_document", text="text5"}
ti["p6"] = ti[" 2"] .. {"it_document", text="text6"}
ti["p7"] = ti[" 2"] .. {"it_document", text="text7"}
ti["q1"] = ti[" 4"] .. {"it_document", text="text8"}
ti["q2"] = ti[" 0"] .. {"it_document", text="text9"}
ti["q3"] = ti[" ,"] .. {"it_document", text="text10"}
ti["q4"] = ti[" 2"] .. {"it_document", text="text11"}
ti["q5"] = ti[" ."] .. {"it_document", text="text12"}
ti["q6"] = ti[" /"] .. {"it_document", text="text13"}
ti["q7"] = ti[" :"] .. {"it_document", text="text14"}
ti["k1"] = ti[" 4"] .. {"it_key", code=1}
ti["k2"] = ti[" !"] .. {"it_key", code=2}
ti["k3"] = ti["=m"] .. {"it_coin_m"}
ti["k4"] = ti["mm"] .. {"it_coin_l"}
ti["k5"] = ti["mm"] .. {"it_sword"}
ti["k6"] = ti["nn"] .. {"it_cherry"}
ti["k7"] = ti["n-"] .. {"it_cherry"}
ti["= "] = {"st_key", code=1, name= "oklli1", target= "lezy2", action="toggle"}
ti["t1"] = ti[" %"] .. {"it_trigger", target="olli1", action="toggle"}
ti["t2"] = ti[" 1"] .. {"it_trigger", target="olli2", action="toggle"}
ti["t3"] = ti[" /"] .. {"it_trigger", target="olli3", action="toggle"}
ti["t4"] = ti[" %"] .. {"it_trigger", target="olli4", action="toggle"}
ti["t5"] = ti[" %"] .. {"it_trigger", target="olli5", action="toggle"}
ti["t6"] = ti[" %"] .. {"it_trigger", target="olli6", action="toggle"}
ti["t7"] = ti[" %"] .. {"it_trigger", target="olli7", action="toggle"}
ti["t8"] = ti[" !"] .. {"it_trigger", target="lezy1", action="toggle"}
ti["t9"] = ti[" ,"] .. {"it_trigger", target="olli9", action="toggle"}
ti["~ "] = {"st_laser_e", name="lezy1"}
ti["- "] = {"st_laser_n", name="lezy2"}
ti["d1"] = ti[" /"] .. {"st_door", faces="ew", name= "olli1"}
ti["d2"] = ti[" ."] .. {"st_door", faces="ns", name= "olli2"}
ti["d3"] = ti["ni"] .. {"st_door", faces="ew", name= "olli3"}
ti["d4"] = ti[" 2"] .. {"st_door", faces="ew", name= "olli4"}
ti["d5"] = ti[" +"] .. {"st_door", faces="ew", name= "olli5"}
ti["d6"] = ti[" +"] .. {"st_door", faces="ns", name= "olli6"}
ti["d7"] = ti[" +"] .. {"st_door", faces="ns", name= "olli7"}
ti["d9"] = ti[" )"] .. {"st_door", faces="ew", name= "olli9"}
if wo ["IsDifficult"] then
    ti["ll"] = ti[" %"] .. {"fl_water"}
    ti["la"] = ti[" %"] .. {"fl_water"}
    ti["aa"] = ti[" %"] .. {"fl_water"}
    ti["al"] = ti[" %"] .. {"st_rawglass_movable"}
    ti["bp"] = ti[" !"] .. {"fl_brick"}
    ti["QQ"] = ti[" /"] .. {"st_chess_white"}
    ti["w1"] = ti["~m"] .. {"it_wormhole", destination = po(44.5, 35.5), range=10, strength=10}
    ti["w2"] = ti[" )"] .. {"it_wormhole", destination = po(42.5, 24.5), range=10, strength=10}
    ti["w3"] = ti[" )"] .. {"it_wormhole", destination = po(11.5, 16.5), range=10, strength=10}
else
    ti["ll"] = ti[" %"] .. {"fl_bluegray"}
    ti["la"] = ti[" %"] .. {"fl_swamp"}
    ti["aa"] = ti[" %"] .. {"st_passage_black_cross"}
    ti["al"] = ti[" %"] .. {"fl_swamp"}
    ti["bp"] = ti[" !"] .. {"it_umbrella"}
    ti["QQ"] = ti[" /"] .. {"st_brake"}
    ti["w1"] = ti["~m"] .. {"it_wormhole", destination = po(44.5, 35.5), range=3, strength=3}
    ti["w2"] = ti[" )"] .. {"it_wormhole", destination = po(42.5, 24.5), range=3, strength=3}
    ti["w3"] = ti[" )"] .. {"it_wormhole", destination = po(11.5, 16.5), range=3, strength=3}
end

wo(res.composer(ti), "  ", {
    "x!$%&%(%#% % % % % % % % % % % % % % % % % % % % % % %#%#% %2%2%2% % % % %2%2%!% %s%s% % % %!%t4t9 % % , , % % % % % %Z8 9 ,U% % %n% % % % % % % % % % %",
    " # # # ##%#% % % %#% % % % % %#%#%#% % % % % % % % % % % % % % % % %A% % %2%2% / / / / / / / 0la 0 0 0 % % / / / / / / %#% %U%O%O% / % % % % %Z:Z:Z:Z:Z:",
    " # # # ##%#%#% %#%#%#% % % %#%#% %#%#% % % % % % % % % %#%#%2%2%2% %A%A% % % % / %A%A% %.% 6 0#% 0#% 0#%#% / %#% % % / %D%U, +U%O% / % % % % %Z: : : :Z:",
    " # # # ##%#%#%#%#%#%#%#% %#%#%#% ! !#% %.% % %.% % %.% %#%#%2%A%2% %A%A%A% % % ! !A%A%2%2%2% 0@% 0 % 0 % %e/ / , / % /T%#% %V%~%6% .q5 % % % % : : : :Z:",
    " # # # #)% % 'r'#% % %#%#%#% & &;! !h% -p3;- % ) % - - -#%#%2%2%2% % 1 1 1 1h% ! ! ! %2%t3 %q2 % 0 , / /m/ %m/ /w/9%D/D%#% %U% *W* *O% % % % %Z: : : :Z:",
    " $ $p1 $h-h% ' '#% % %#% ! ! !h% ! !h%;-p4;- % ) % - -p5 ' ' '%%h%h% 1 1 1 1 %A%A% ! !2%2%2% 0j6 0 %%% % % , % % % % / % /^8 8 *I*i*O% % % % %Z:Z:Z:Z:Z:",
    "!%%%al%%)%#%#% )#%#%#%#%v%#%#%#%#%#%#% '.% % %.% % %.%f' % ' 'b%2%)% / %#%#% %A%A% ! ! % % % 0 % 0 0 0z% / / / / % , / % / % % * * *O%O% % % % % % % % %",
    "#%#%la#%#%#%g( ) ! ! ! ! !#% %#%#% %#% ' % % % % % % % ' % ' 'b%)%C% / %#%#%#%#% %v%H%H%#%#% 0 , % 2 0z% /6% % / ,6% / % / % %s% 8t8 %O%O% % % % % % % %",
    "#%#%la#%#%#%.%1%2%2%2% ,#%#%#%#%#%#%#%e' % % % % % % % ' ' ' 'b%2% / / % % %C%#% % .H%H%#%t2 0 % - % 06% / %6, / /QQ /6% /V%V%V% 8h%W6h%O% .O% % % % % %",
    " % %ll % % % % % % % % , % % % % % % % % % % % % % %%% . % / % % / / % % % %#%#%A%d2%% %#%#% 0 2 ,$% 0z% / , % % % % % % /V%B7V% & &U6 7 7 7 0 % % % % %",
    "#%#%la#%#%#%#%#%#%#%#%k3#%#%#%#%#%#%#%%% % % % % % %>%w. % / % / / % / / / % %A%A%e.h% . % % 0 0 0 0 0z% / / / / / / / / /V%!7V% % %!& %U%U%O%O% % % % %",
    "#%#%la#%#%#%#%#%#%#%#% % %#% %#%#% %#%%%:% % % % % % %#%#% / % /2% % / % / %A%A% % % % . % % % % % % % % % % % % % % % % % % 7 % % %v% % % % %O%O% % % %",
    " % %ll % % % % % % % % % %#%#%#%#%#%#% ! % % % % % % %#%#% / % / / / / % / %E%F%F%F%F%E2E%F%F%E%F%F%E2E%F%F%E%F%F% % / / / / / / / / / % %(%(%(%(%(%(% %",
    " % %ll % % % % % % % % % % % % % % % % % % % % % % % %#%#% / % %2% %#%#% / %F%A+A+A+A%)2A%A+A+L+A+K%M2K%O%O%O%O%F%O% /B%B%A%A%A%B%B% / % %(% % % % % % %",
    " % %ll % % % % % % % % % % % % % % % % % % % % % % % % /d1 / % / / /D/D/ / %E%A+ 2i2 2 2 2 2i2 2 2 2 2 2 2 2 2 2 2d4 / % %A%B%A% % % / % %(% % % % % % %",
    " % %ll %*%*%*%*% *3+e! ! ! !3+ **%*%*%*% % % % % % % % /#%#%#% /2% %#%#% % %F%A+ 2 2 2 2 2 2 2 2 2 2 232N23%)%O%O%O% 7 % %A%A%A% % % / % %(% % %(%(%(%(%",
    " % %ll % % % ! ! *4+ ! ! ! !d5 * !k2 % % % % % % % % % /#%@%#% /2% %$%$% % %F%A+ 2 2p6 2 2J2J2J2 2 2 2N%K%3% % % % % 767 / / / / / / / % %(% % %(% % % %",
    " % %ll % % %/!bpu*3+p2 ! ! !3+ * !=! % % % % % % % % % /#%#%#% / / / / / / %E2)2 2 2 2 2 2J2K2J2 2 2 %3%N%3% % %2%2%9%6% 0B%B%B% % % % % %(% % %(% % % %",
    " % %ll % % % % % *3+3+3+3+3+3+ * % % %*% % % % % % % % / % % % % % % % % / %F%A+ 2 2i2 2 2J2J2J2 2 2 % % % % % %2%R%f%6% 0B%A%B% 0 0 0 % %(% % %(% % % %",
    " % %ll % % %0% % * * * * * * * *0% % %*% % % % % % % % / / / / /B% %#%#% / %F%A+A+A+A+A+A+ 2 2 2 2 23%3%3%3%3% %2%2%f%6% 0B%B%B% 0 % 0 % %(% % %(% % % %",
    " % %ll % % % % %3+3+d63+3+d73+3+6% % %f% % % % % % % % %#%#%#% /B% %#%6% / %F%F%F%F%E%F%F%A+ 2 2 2 23%3%3%k43% % % % 767 0 0 0 0 0 % 0 % %(% % %(% % % %",
    " % %ll % % % % %3+ ) ) ) ) ) )3+6% % %f% % % % % % %t1 .#%3%#% /B% %#%#% / % %A%k5A%k5A%F%A+ 2 2 2q4d38)d9w33% %O%O%S%S%S%S%S%S%S%S% 0 % %(% 0 0(% % % %",
    " % %la % %+%+% %3+ ) ) ) ) ) )3+0%<% % % % % % % % %%% .#%#%#% /C% % % %:/ % %A%A%A%A%A%F%A+ 2 2 2 23%3%3%k43%h%P%O%6% 0 0 0 0 0 0 0 0 % %8&w0 08& % % %",
    " % %ll % % % % %3+ ) )3)3) ) )3+6%:%t6*% % % % % % % % . . % % / % % % % /C% % % 3k6 4k7F%A+f2 2 2z23%3%3%3%3% %O%O%6% 73%3% %2%2% %A%A% %8& % %8& % % %",
    " % %ll % % % % %3+ )3)7)7)3) )3+6% % %*! % % % % % % % % % % % / / / / / / % ! % 2 2p7 2 2 2 2 2 2 2 2 2 2 2 2h-h- !6% 73%3% %2%2% %A%A% %X&X0Y0X0 % %e!",
    " % %ll % % % % %3+ )3)8)8)3) )3+6% % %f% % % % % % % % % % % % % % % % % % % % % % . % . % % % % % % % % . % % % % .6% 0i0i0 0i0i0 0i0i0o/q6Y0X0Y: : : :",
    " % %ll % % % % %3+ ) )9):) ) )3+6% % %f% % % % % % % % % % % % % % % % % % % % % % % %z% % % % % % % % % % % % % % % % % % % % % % % % %S% .S%S% :o:$:q7",
    " % %la % %,%,% %3+ )r) ) )r) )3+<%<% % % % % % % % % % % % % % % % % % % % % % % % % %z% % % % % % % % % % % % % % % % % % % % % % % % %o/ /S%S%o: :o:w1",
    " % %ll % %-% % %3+ ) ) ) ) ) )3+6%:%t7*% % % % % % % % % % % % % % % % % % % % % % % %z% % % % % % % % % % % % % % % % % % % % % % % % %S% .S%S% :o:$: :",
    " % %ll % % % % %3+3+!+3+3+!+3+3+6% % %*% % % % % % % % % % % % % % % % % % % % % % % %z% % % % % % % % % % % % % % % % % % % % % %z%z%z%o/ /S%S% : : : :",
    " % %aa % % % % % % % % % % % % % %%%t5 % % % % % % % % % % % % % % 0 % % % % % % % % %z% % % % % % % % % 0 % % % % % % % % % % % % % % %9%%% % % % % % .",
    " % % % % % % % % % % % % % % % % % % % % % % % % % % % % % % % % % % % % % % % % % % %z% % % % % % % % % % % % % % % % % % % % % % % % % % % % % % % % .",
    " % % % % % % % % % % % % % % % % % % % % % % % % % % % % % % % % % % % % % % % % % % % % % % %q3 % % % % % % % % % % % % % % % % % % % % % % % % % % % .",
    " % % % % % % % % % % % % % % % % % % % % % % % % % % % % % % % % % % % % % % % % % 4 4z% 4 4 4 4 4 % % % % % % % % % % % % % % % % % % % % % % % % % / /",
    " % % % % % % % % % % % % % % % % % % % % % % % % % % % % % % % % % % % % % % % % % 4 4k1 4A4K4A4 4 % % % % % % % % % % % % % % % % % % % % % % % % % % .",
    " % % % % % % % % % % % % % % % % % % % % % % % % % % % % % % % % % % % % % % % % %(4 )(4 4A4.4A4 4 % % % % % % % % % % % % % % % % % % % % % % % % % / /",
    " % % % % % % % % % % % % % % % % % % % % % % % % % % % % % % % % % % % % % % % % %(4w2(4q1A434A4 4 % % % % % % % % % % % % % % % % % % % % % % % % % % 0"})

wo:shuffleOxyd()
 ]]></el:luamain>
    <el:i18n>
      <el:string el:key="title">
        <el:english el:translate="true"/>
        <el:translation el:lang="de">Audienz in Venedig</el:translation>
      </el:string>
      <el:string el:key="subtitle">
        <el:english el:translate="true"/>
        <el:translation el:lang="de">Drücke den Bodenschalter</el:translation>
      </el:string>
      <el:string el:key="text1">
        <el:english el:translate="true">Welcome to Venice</el:english>
        <el:translation el:lang="de">Willkommen in Venedig</el:translation>
      </el:string>
        <el:string el:key="text2">
        <el:english el:translate="true">Welcome to the Audience</el:english>
        <el:translation el:lang="de">Willkommen nun zur Audienz!</el:translation>
      </el:string>
      <el:string el:key="text3">
        <el:english el:translate="true">rialto</el:english>
        <el:translation el:lang="de">Rialtobrücke...</el:translation>
      </el:string>
      <el:string el:key="text4">
        <el:english el:translate="true">... under construction</el:english>
        <el:translation el:lang="de">Baustelle!</el:translation>
      </el:string>
      <el:string el:key="text5">
        <el:english el:translate="true">try the boulders as gondola</el:english>
        <el:translation el:lang="de">Nutze die Boulder als Gondeln</el:translation>
      </el:string>
      <el:string el:key="text6">
        <el:english el:translate="true">piazza san marco</el:english>
        <el:translation el:lang="de">Markusplatz</el:translation>
      </el:string>
      <el:string el:key="text7">
        <el:english el:translate="true">danger</el:english>
        <el:translation el:lang="de">Gefahr</el:translation>
      </el:string>
      <el:string el:key="text8">
        <el:english el:translate="true">san giorgio</el:english>
        <el:translation el:lang="de">San Giorgio</el:translation>
      </el:string>
      <el:string el:key="text9">
        <el:english el:translate="true">guardian ducale</el:english>
        <el:translation el:lang="de">Residenz der Palastwache</el:translation>
      </el:string>
      <el:string el:key="text10">
        <el:english el:translate="true">gondoliere on strike</el:english>
        <el:translation el:lang="de">Gondoliere streiken!</el:translation>
      </el:string>
      <el:string el:key="text11">
        <el:english el:translate="true">palace ducale</el:english>
        <el:translation el:lang="de">Dogenpalast</el:translation>
      </el:string>
      <el:string el:key="text12">
        <el:english el:translate="true">look at san michele</el:english>
        <el:translation el:lang="de">Da drüben liegt San Michele</el:translation>
      </el:string>
      <el:string el:key="text13">
        <el:english el:translate="true">use the gondola below</el:english>
        <el:translation el:lang="de">Unten die Gondel ... Schick sie los!</el:translation>
      </el:string>
      <el:string el:key="text14">
        <el:english el:translate="true">hurry to san giorgio</el:english>
        <el:translation el:lang="de">Auf nach San Giorgio ...</el:translation>
      </el:string>
    </el:i18n>
  </el:protected>
</el:level>
